,QQQ,TSLA,AAPL,AMZN,GOOGL,FB,MSFT,CRM,NOW,WDAY,ADBE,INTU,ANSS,SNPS,CDNS,ADSK,MA,V,AXP,DFS,CME,COST,MORN,ILMN,ISRG,HD,LRCX,AMAT,XLNX,NVDA,AMD,AVGO,MU,OLED,XBI,MTN,NTES,TRIP,NFLX,DIS,ATVI,EA
2015-12-31,108.6955,240.01,99.8338,675.89,778.01,104.66,51.9285,78.4,86.56,79.68,93.94,93.2876,92.5,45.61,20.81,60.93,95.1842,75.9267,65.9255,50.381,80.3397,150.1087,77.6932,191.945,182.0532,123.8059,75.5946,17.9171,43.8975,32.4324,2.87,135.8459,14.16,54.2653,69.6651,119.6451,174.9501,85.25,114.38,100.3494,37.9735,68.72
2016-01-04,106.4023,223.41,99.9192,636.99,759.44,102.22,51.292,76.71,84.07,77.76,91.97,91.2381,90.1,44.92,20.53,60.31,92.6912,74.1155,64.0676,49.5259,78.6283,148.2869,77.1135,181.28,182.4632,122.7013,73.986,17.7252,42.8041,31.8518,2.77,133.1598,14.33,53.2585,67.3131,116.0554,166.1466,82.98,109.96,98.344,36.9043,66.1
2016-01-05,106.2177,223.43,97.4153,633.79,761.53,102.73,51.526,77.05,84.0,77.24,92.34,92.7559,89.42,44.97,20.54,60.39,92.8671,74.6735,63.0818,49.4132,79.249,148.6494,77.2391,178.02,183.9865,122.1021,74.3857,17.7444,43.4396,32.3635,2.75,128.705,14.82,52.6006,66.7078,117.7194,167.8263,81.93,107.66,96.3576,36.4334,64.94
2016-01-06,105.1974,219.04,95.5089,632.65,759.33,102.97,50.59,76.29,81.42,74.4,91.02,93.0845,88.29,44.31,20.2,59.54,91.4495,73.6945,61.3377,48.4454,78.8589,147.2738,77.1715,177.56,184.4131,120.8383,70.0168,17.015,42.6452,31.0253,2.505,124.7461,14.22,51.6337,63.8596,117.7381,167.6428,80.1,117.68,95.8419,36.0901,63.68
2016-01-07,101.9033,215.65,91.478,607.94,741.0,97.92,48.8304,74.3,79.64,71.75,89.11,91.5861,87.23,43.28,19.75,55.98,89.7744,72.2454,60.7855,47.5434,77.6174,143.8999,75.8151,167.72,178.9665,117.3933,68.2559,16.516,40.9629,29.7953,2.275,120.7779,13.66,49.4508,61.3489,114.0456,159.6309,77.69,114.56,95.0206,35.58,62.46
2016-01-08,101.0676,211.0,91.9617,607.05,730.91,97.33,48.9801,73.23,78.12,71.07,87.85,90.3254,85.4,42.35,19.24,55.06,88.06,71.3545,60.5855,46.9514,76.4646,141.381,74.9431,165.17,178.8465,115.9891,67.0852,16.1129,40.1218,29.1557,2.14,119.9824,13.33,50.0588,60.0489,112.7276,157.7872,76.18,111.39,94.7819,35.0306,63.13
2016-01-11,101.3786,207.85,93.4508,617.74,733.07,97.51,48.9521,73.18,78.53,70.25,89.38,91.1594,85.27,42.09,19.28,55.23,88.7359,72.3727,60.9854,47.44,77.1031,143.8069,73.9936,165.71,179.8598,117.749,67.5325,16.0074,40.2994,29.2049,2.34,119.8326,12.53,49.69,56.7046,115.4385,153.2793,76.95,114.97,95.4217,35.5211,64.21
2016-01-12,102.5543,209.97,94.807,617.89,745.34,99.37,49.4013,74.46,80.99,71.9,89.82,91.9838,86.41,42.02,19.14,54.79,89.5784,73.1951,61.3187,47.9192,77.3691,145.0477,74.8559,168.64,180.7065,119.3499,67.9989,16.0745,40.5237,29.6969,2.39,121.5921,12.72,49.6202,58.3718,113.8306,155.2774,77.36,116.58,96.8924,36.4138,65.62
2016-01-13,99.0173,200.31,92.3695,581.81,719.57,95.44,48.3343,72.35,76.79,71.26,88.3,88.9289,84.45,40.53,18.66,50.87,87.3742,71.5699,59.8428,46.4159,74.6379,141.3903,73.2766,164.49,181.7132,113.6487,65.7526,15.5467,39.1685,28.7916,2.25,115.4058,12.06,48.6234,54.3229,109.4651,152.3333,72.94,106.56,94.0465,34.1968,63.38
2016-01-14,101.1259,206.18,94.3897,593.0,731.39,98.37,49.7102,73.07,78.21,70.5,89.8,91.4698,84.9,41.25,19.38,52.65,88.8633,72.2552,60.2618,47.13,75.1079,142.3755,74.6136,175.11,185.2565,111.9824,68.4844,16.1321,39.6358,28.211,2.21,117.1653,12.02,49.7897,56.4267,113.8306,157.8451,71.92,107.06,94.6482,34.7265,64.48
2016-01-15,97.9873,204.99,92.1229,570.18,710.49,94.97,47.7259,70.86,76.34,67.87,89.17,88.7253,84.97,40.96,19.0,49.4,86.904,70.3265,59.9,46.1904,75.1168,139.7823,74.5943,171.15,185.7498,111.6173,64.6866,15.4315,40.0097,26.676,2.03,112.2799,11.08,45.015,54.6801,111.1758,149.6111,70.63,104.04,89.6727,34.2458,66.06
2016-01-19,98.2011,204.72,91.6772,574.48,719.08,95.26,47.3235,70.8,74.32,66.1,89.18,88.1337,84.99,40.69,18.85,47.59,84.4647,69.8957,59.6429,45.9555,76.3582,139.8567,74.3036,169.58,185.4965,112.1134,64.2107,15.7866,39.991,26.8925,1.95,112.3735,10.8,45.5433,52.4572,113.9989,156.04,71.19,107.89,89.7396,34.4813,67.37
2016-01-20,97.8998,198.7,91.8005,571.77,718.56,94.35,47.5387,70.33,74.31,67.49,87.94,89.2102,84.71,40.94,19.04,47.9,83.3969,69.2005,60.0142,45.8051,74.6645,138.3231,74.2648,171.46,184.8531,109.0241,66.219,15.7099,40.262,27.0401,1.8,115.8925,10.05,44.5565,54.7198,113.3913,154.7562,69.26,107.74,88.3739,34.0496,66.85
2016-01-21,97.99700000000001,199.97,91.3357,575.02,726.67,94.16,47.2486,69.51,74.41,68.6,88.0,89.1714,85.07,40.69,18.93,47.87,84.3667,70.0621,59.6429,45.4951,72.7048,139.773,73.6157,169.18,185.1998,112.544,64.8389,16.1321,43.72,27.355,2.09,116.5476,10.85,44.5565,53.3206,115.2609,153.6364,69.51,102.35,89.7873,33.9025,67.03
2016-01-22,100.8344,202.55,96.1918,596.38,745.46,97.94,48.9427,71.55,76.67,69.47,89.63,90.7812,86.8,41.7,19.52,49.03,86.2085,71.1783,52.4256,45.6548,75.17,142.8496,74.9818,176.71,188.7031,114.9219,65.41,16.3624,44.5985,27.9946,2.02,116.5289,11.07,46.0218,54.8885,116.4387,148.1728,70.65,100.72,92.5377,35.2366,69.36
2016-01-25,99.338,196.38,94.3139,596.53,733.62,97.01,48.4747,69.92,76.1,67.37,86.77,88.958,84.8,41.12,18.87,47.97,85.0035,70.2384,52.3875,44.7152,75.0547,140.1448,74.168,174.48,186.0731,113.9389,64.7246,16.2281,44.3929,27.965,2.12,116.5102,10.48,45.5832,54.0748,115.1487,152.98,69.49,99.12,91.0001,34.0693,69.92
2016-01-26,100.2319,193.56,94.8355,601.25,733.79,97.34,48.8304,69.87,77.96,66.65,86.89,89.8405,86.57,41.78,19.3,48.42,85.2288,70.3754,52.4541,45.4669,76.5888,138.0256,74.9334,172.9,181.7465,114.3976,65.429,16.6503,45.1873,28.2406,2.07,116.4166,10.55,46.0318,53.6977,116.4948,147.111,69.69,97.83,91.936,34.6284,70.83
2016-01-27,97.7346,188.07,88.6042,583.35,717.58,94.45,47.9412,67.43,75.37,64.5,84.85,88.027,84.6,41.51,18.84,46.49,83.0834,69.4257,51.9114,45.777,76.8991,137.3099,75.3984,162.42,178.0065,113.8078,64.2487,16.4008,44.99100000000001,27.906,2.13,114.5074,10.39,44.8057,51.2564,113.1015,148.6941,67.54,91.15,90.0738,33.4218,69.49
2016-01-28,99.1145,189.7,89.2396,635.35,748.3,109.11,48.7228,65.69,63.57,62.03,84.52,89.2441,85.1,41.61,18.99,45.27,81.7315,67.8788,50.3499,42.1219,77.2272,139.0387,76.5805,154.25,175.5298,114.4725,66.1048,16.0074,44.8555,27.601,2.08,118.2697,9.885,44.1578,49.3312,112.1667,148.4142,67.32,94.41,89.3194,33.1471,69.79
2016-01-29,101.1842,191.2,92.3221,587.0,761.35,112.21,51.5635,68.06,62.21,63.01,89.13,92.6238,88.19,42.9,19.56,46.82,87.2175,72.9308,50.9402,43.0239,79.6747,140.4608,77.9078,157.95,180.2832,117.7303,68.3321,16.9382,46.9817,28.8211,2.2,125.1392,11.03,48.9424,50.1648,116.85,150.7212,66.76,91.84,91.5063,34.1575,64.545
2016-02-01,101.4563,196.94,91.459,574.81,770.77,115.09,51.2078,68.44,61.96,64.84,89.61,93.4578,88.24,42.58,19.54,47.65,86.8256,72.8231,52.0828,43.2682,79.3111,140.5817,77.2102,158.94,181.0532,118.4324,69.1221,16.9382,46.6359,28.831,2.14,128.8547,10.96,48.6434,50.5717,116.4013,151.0784,67.19,94.09,90.8664,34.0104,64.2
2016-02-02,99.2602,182.78,89.6095,552.1,780.91,114.61,49.6073,64.52,57.25,61.79,87.95,91.3049,86.82,42.25,19.23,45.89,84.1806,71.8636,51.0925,42.5729,79.0185,138.0256,76.3673,154.66,179.7832,117.2716,67.1518,16.3624,45.3275,27.6108,1.99,124.6993,10.59,48.2048,48.7606,113.9895,149.3602,63.0,91.49,88.9278,32.7842,60.66
2016-02-03,98.7841,173.48,91.3831,531.07,749.38,112.69,48.821000000000005,65.34,59.3,63.06,87.99,92.9923,87.39,42.53,19.23,49.56,84.7096,72.8231,51.521,42.9228,79.2756,136.3526,75.8344,149.46,181.6998,115.8861,67.9704,16.5928,45.3742,27.7486,2.07,122.9398,10.76,47.6665,48.9938,111.9517,144.33100000000002,62.77,90.74,90.8569,32.4899,59.61
2016-02-04,98.7744,175.33,92.1135,536.26,730.03,110.49,48.6713,67.2,58.62,64.84,86.36,93.8263,88.18,42.86,20.4,49.51,84.5725,72.1377,51.7781,43.7831,76.5533,133.1738,75.5728,143.38,183.9765,113.3772,68.0275,16.8711,46.1312,27.7584,2.09,127.3947,11.23,48.0852,49.9961,112.0358,145.4604,63.81,89.71,91.1338,31.3323,58.73
2016-02-05,95.3442,162.6,89.6533,502.13,703.76,104.07,46.9491,58.51,52.31,54.24,79.2,89.0162,84.7,41.66,20.0,46.17,81.0751,70.0425,51.3972,43.7264,78.5219,133.8337,73.4316,136.05,178.7465,108.99600000000001,65.6479,16.1321,44.9256,26.0069,1.98,120.1321,11.0,45.2742,48.1205,109.1847,134.6297,58.37,82.79,89.6727,29.9492,55.5
2016-02-08,93.8867,147.99,90.5973,488.1,704.16,99.75,46.2471,54.05,47.14,48.97,74.94,88.1725,81.92,41.32,19.6,43.45,79.0081,66.3515,49.8928,42.6486,79.9762,136.65,73.1409,135.37,169.0932,104.7085,62.8971,15.5371,44.2807,24.8163,1.93,114.0488,10.17,41.5562,45.4609,109.3716,128.5098,55.88,83.32,87.9729,28.1736,56.32
2016-02-09,93.5952,148.25,90.5782,482.07,701.02,99.54,46.1254,57.33,48.52,48.9,73.85,87.4064,83.1,40.96,19.82,42.64,80.3012,66.8997,50.1118,43.3671,82.7428,137.5051,73.5285,139.49,169.6065,106.5901,62.4212,15.4507,44.1312,25.0819,1.9,112.0366,9.98,42.7922,45.5304,108.8014,131.6663,54.09,86.13,88.1639,28.2619,58.25
2016-02-10,93.9547,143.67,89.8917,490.48,706.85,101.0,46.5279,58.76,49.99,49.96,75.53,87.5325,83.94,41.37,20.44,43.72,81.6139,68.6816,49.7881,43.2726,80.2777,137.9792,73.1409,138.7,174.8032,107.0301,62.326,15.3452,43.8041,25.0229,1.84,111.5593,9.9,43.0713,45.6991,110.2223,133.3942,54.35,88.45,84.8501,29.5764,58.98
2016-02-11,93.8186,150.47,89.3481,503.82,706.36,101.91,46.5091,59.24,49.03,50.33,74.94,88.6477,83.5,41.34,20.15,43.26,80.4384,67.0368,48.6646,40.8901,79.2047,136.6744,72.9956,138.46,173.8498,106.0378,61.1172,15.0093,44.1592,24.895,1.86,108.8545,9.69,43.1411,45.3815,109.5492,132.1007,61.07,86.35,86.2443,29.9394,58.19
2016-02-12,95.2471,151.04,89.6247,507.08,706.89,102.01,47.2673,59.68,50.08,49.25,76.67,91.7025,84.06,41.92,20.28,44.92,83.1618,68.946,50.1404,42.0908,80.8274,138.5383,73.4897,142.72,177.0932,108.8931,62.8686,15.4124,44.5331,25.3181,1.83,113.8616,10.02,44.7559,46.6915,112.4004,133.6258,59.9,87.4,87.0465,27.585,59.25
2016-02-16,97.3945,155.17,92.1516,521.1,717.64,101.61,48.1565,59.72,52.04,50.53,78.88,92.4783,84.05,42.96,20.61,44.89,84.4255,69.6118,50.6355,43.178000000000004,80.4373,138.9671,75.6407,149.11,178.3865,111.8045,64.3249,16.0457,44.9349,26.5579,1.83,118.148,10.81,44.8755,48.5968,115.8498,145.4121,63.32,89.05,88.7273,28.8603,59.36
2016-02-17,99.6003,168.68,93.5629,534.1,731.97,105.2,49.4101,63.49,55.26,54.78,81.85,95.3877,86.18,43.61,20.95,46.67,85.4345,70.6594,51.0449,43.906000000000006,81.7142,140.6446,76.5514,155.63,180.6198,113.4708,65.9144,16.4488,45.6265,27.2172,1.9,122.3034,11.43,45.8723,50.5618,117.0463,150.5475,65.35,94.76,91.2007,28.8897,59.84
2016-02-18,98.4634,166.77,91.7892,525.0,717.51,103.47,49.1933,61.7,54.26,54.04,80.53,93.5548,85.57,44.0,20.78,47.75,84.2884,69.8844,51.5591,43.8587,80.9605,138.5383,75.2434,150.16,180.8732,112.31,64.5057,16.4776,44.8041,29.5591,1.91,118.9248,11.49,48.3842,48.7953,116.5322,146.9855,63.07,90.49,90.8855,28.3306,58.35
2016-02-19,98.7549,166.58,91.5795,534.9,722.11,104.57,48.8446,62.14,54.74,57.12,80.87,94.25299999999999,87.59,44.48,20.95,49.91,85.0231,70.1689,52.0923,43.6318,82.7517,138.5849,76.5126,151.31,182.1132,113.9202,66.4094,17.6388,45.262,29.9527,1.91,120.4222,11.16,47.2678,49.7381,119.402,148.5976,63.42,89.23,90.7328,29.6156,59.57
2016-02-22,100.3583,177.74,92.3804,559.5,729.05,107.16,49.6269,63.98,54.69,57.32,83.8,95.281,88.52,44.72,21.25,50.35,86.0321,71.6698,52.9683,44.7569,81.5546,139.8524,75.6213,152.93,183.8365,115.0061,66.9519,17.8403,45.6919,31.0154,2.01,122.266,11.05,49.1119,50.273999999999994,118.4392,154.5245,63.11,91.93,92.0315,30.9203,63.27
2016-02-23,98.7064,177.21,90.2922,552.94,717.29,105.46,48.2413,62.9,53.01,56.53,83.07,94.4179,86.49,44.1,21.1,49.69,84.4549,70.7771,52.4732,43.9249,81.4925,140.132,75.5922,149.94,182.9665,116.5789,65.8954,17.8595,45.2901,31.0941,1.97,119.9449,10.49,48.3742,47.8724,118.3644,151.9085,60.7,89.12,91.0861,30.1454,61.52
2016-02-24,99.6489,179.0,91.6367,554.04,720.9,106.88,48.411,62.52,52.55,57.56,83.42,95.8435,86.54,44.22,21.3,49.18,84.6606,70.4828,52.0257,44.1613,81.8472,143.4033,75.8926,149.42,184.5498,117.5899,67.0852,18.0332,44.4676,31.3106,2.02,121.9852,10.64,50.2582,48.3884,119.3366,154.3507,60.66,91.61,91.1338,31.1067,63.2
2016-02-25,100.6303,187.43,92.266,555.15,729.12,108.07,49.1085,69.42,54.16,59.38,86.68,97.046,84.22,44.55,21.61,49.42,85.6403,71.8758,52.7398,44.5867,82.6364,144.1954,76.1057,152.4,186.4265,118.7601,68.9413,18.2262,45.0938,31.3795,2.03,123.9787,10.72,49.5205,48.18,120.9351,131.5022,62.05,94.53,91.3439,31.7051,64.68
2016-02-26,100.50399999999999,190.34,92.4091,555.23,724.86,107.92,48.3544,69.72,55.51,59.52,86.6,92.8566,84.06,45.2,21.63,51.19,85.7872,71.346,52.7303,44.5773,82.6187,139.4983,77.3071,155.31,189.1565,118.1984,70.2548,18.3323,45.2246,31.1729,2.07,124.5776,10.7,43.8488,49.0236,118.4953,130.6817,62.38,94.79,91.0192,31.2833,64.45
2016-02-29,99.6003,191.93,92.1993,552.52,717.22,106.92,47.9585,67.75,54.99,60.45,85.15,93.7197,83.02,44.75,21.55,51.74,85.1505,71.0125,52.9207,43.8871,81.0846,139.8245,76.9196,150.24,187.6865,116.195,69.7694,18.2069,44.4209,30.9711,2.14,125.3825,10.63,47.6266,47.535,119.1029,129.9384,62.6,93.41,91.2198,31.0675,64.24
2016-03-01,102.7973,186.35,95.8609,579.04,742.17,109.82,49.5609,70.02,57.85,71.74,88.37,95.8726,86.05,45.88,21.97,54.31,88.2657,73.2197,54.0823,44.9744,82.0778,140.2811,77.5784,159.51,190.4965,117.6741,71.93,18.6893,45.3522,32.3439,2.18,129.5566,11.07,50.0588,49.8274,121.3838,133.954,66.1,98.3,93.2539,31.5972,65.48
2016-03-02,102.8361,188.34,96.0707,580.21,739.48,109.95,49.9097,70.43,57.66,71.91,88.39,95.6495,86.07,45.89,22.17,54.41,88.06,72.8862,54.387,45.466,82.734,142.3967,77.1327,157.2,191.2698,117.5712,70.9591,18.8051,45.3052,32.5315,2.32,128.1902,11.68,50.5672,51.9015,120.664,131.2029,65.32,97.61,92.6332,31.401,66.09
2016-03-03,102.6418,195.74,96.7859,577.49,731.59,109.58,49.3441,70.8,58.36,74.3,87.21,94.7573,86.26,45.87,22.16,54.79,87.913,72.5036,55.3106,46.0994,83.6562,141.2877,77.96600000000001,157.45,191.3465,118.7039,71.2637,18.7665,45.023,32.2451,2.46,128.5271,11.79,48.9324,51.3259,120.1031,135.1993,65.57,97.93,94.3712,30.9203,64.8
2016-03-04,102.6806,201.04,98.2257,575.14,730.22,108.39,49.0425,71.06,58.5,73.11,86.18,96.1829,87.07,46.22,22.3,56.25,88.2167,72.4938,55.501000000000005,45.882,84.0641,140.6353,77.6559,156.14,190.2165,117.5431,70.7497,18.7086,44.2139,32.1464,2.37,136.6975,11.88,48.6334,51.5442,121.4119,136.8113,65.1,101.58,94.0465,30.5966,64.43
2016-03-07,102.04899999999999,205.29,97.1387,562.8,712.8,105.73,48.0999,70.49,58.22,72.55,85.11,96.3769,87.69,46.13,22.27,58.17,86.5024,70.5711,56.177,46.0238,82.9822,138.091,77.3265,161.62,190.8965,118.1141,71.7111,18.7568,44.3268,31.939,2.47,134.311,11.58,51.6437,53.39,122.0569,136.7051,65.5,95.49,94.9156,30.3906,63.59
2016-03-08,101.2036,202.6,96.3377,560.26,713.53,105.93,48.6843,69.82,60.34,71.23,84.35,96.2702,86.18,45.63,21.94,56.86,85.0819,69.2762,56.5865,45.6078,83.2571,140.6819,78.6151,150.43,188.9531,119.275,70.0865,18.12,43.2262,31.3563,2.3,130.6797,10.66,51.2251,50.6015,122.8514,132.9019,62.57,96.23,93.4162,30.1944,62.96
2016-03-09,101.8547,208.72,96.4235,559.47,725.41,107.51,49.806000000000004,71.04,60.49,72.88,85.27,96.4641,86.84,45.78,22.01,56.69,85.4052,69.335,56.2247,45.3809,83.8015,142.639,78.1888,153.0,190.9665,118.6255,70.5357,18.4963,43.6777,31.3365,2.26,132.8604,10.81,51.8331,50.135,124.2443,136.2104,60.98,98.0,93.2635,30.2729,63.92
2016-03-10,101.6992,205.18,96.4712,558.93,732.17,107.32,49.0614,70.7,60.72,71.69,84.85,95.05799999999999,86.08,45.52,22.24,55.95,85.1211,68.8838,55.93899999999999,45.674,83.6498,142.4713,78.83800000000001,155.06,191.2331,118.4937,71.8927,18.8823,43.6307,31.2872,2.26,135.1627,10.88,49.8096,49.2717,119.2805,135.1729,61.02,97.36,92.6714,30.6555,63.5
2016-03-11,103.4775,207.5,97.5106,569.61,744.87,109.41,50.0228,71.63,63.35,71.19,86.0,96.9393,86.53,46.2,22.54,56.61,86.7767,70.267,56.615,46.4965,84.4173,142.3222,79.0027,158.59,193.4831,120.9127,72.791,19.3309,43.9505,31.8205,2.52,139.2806,11.39,51.8032,50.919,122.54299999999999,139.7497,63.7,97.66,93.5308,30.9203,64.47
2016-03-14,103.6524,215.15,97.7585,573.37,750.24,109.89,50.117,72.22,62.35,72.55,87.01,96.4254,85.91,46.21,22.61,56.7,87.0608,70.1296,56.7198,45.9954,86.0238,142.2849,79.1674,154.77,197.6898,121.2704,73.5077,19.2103,44.2139,31.8995,2.72,138.6442,11.15,51.3447,51.5045,123.1132,142.1351,66.54,98.13,94.3617,31.7934,64.79
2016-03-15,103.6135,218.34,99.7228,577.02,750.57,110.67,50.5129,71.7,61.65,70.27,86.83,96.3284,86.23,46.41,22.66,56.32,87.5408,70.5416,56.396,46.0521,86.3093,143.6922,80.2138,149.98,195.7998,122.0893,73.737,19.2007,44.2704,31.7415,2.49,138.9531,10.85,50.8562,48.5274,122.1316,141.8442,66.8,97.86,93.8173,31.8621,65.72
2016-03-16,104.5366,221.93,101.0483,574.27,757.36,112.18,51.2293,72.73,62.37,71.39,88.17,97.2594,87.08,46.79,23.02,56.97,88.1775,70.9929,56.8436,46.1751,86.0148,143.5803,80.582,149.2,195.7931,122.7858,74.3582,19.3454,44.8254,32.6896,2.63,139.5614,10.72,50.7566,47.9419,121.4866,146.1787,67.48,99.35,94.0083,32.1662,66.0
2016-03-17,104.4783,226.38,100.8862,559.44,758.48,111.02,51.5215,72.72,60.8,70.16,89.96,97.78299999999999,87.98,47.15,23.17,57.06,89.54899999999999,71.7482,57.2054,46.8179,86.0505,143.3753,81.3183,147.22,187.4498,123.1906,75.7439,19.5673,44.2516,32.413000000000004,2.8,142.3032,10.87,53.4977,48.0907,119.6357,147.3035,65.31,99.72,95.1161,31.9798,64.67
2016-03-18,104.6414,232.74,101.0006,552.08,755.41,111.45,50.4187,72.65,60.15,72.0,93.42,98.9274,87.67,47.78,23.17,57.81,90.4307,72.3761,58.2908,47.8296,85.6311,142.7322,81.9675,150.24,194.3498,123.6329,75.8968,19.7699,44.6561,33.3908,2.93,143.1859,11.14,52.4312,49.3291,118.9814,143.3569,64.31,101.12,94.7341,31.5874,64.32
2016-03-21,105.0507,238.32,100.9911,553.98,762.16,111.85,50.7674,72.25,61.05,73.03,92.5,98.9274,87.52,47.6,22.93,58.17,90.4699,72.3662,58.2813,47.6594,85.4972,143.4685,82.3066,155.13,194.3298,123.3129,76.2217,20.0015,44.6749,33.4895,2.8,143.5615,11.53,52.6206,50.5014,119.5142,144.1812,65.71,101.06,94.0274,31.4304,63.94
2016-03-22,105.3723,234.24,101.7634,560.48,760.05,112.25,50.9654,72.85,62.32,72.0,92.56,99.0632,87.48,47.94,22.93,57.98,89.8919,71.5717,57.71,47.4325,85.3009,141.8748,82.5391,156.36,197.0098,122.9176,76.6231,20.0497,44.7502,33.4303,2.79,145.3174,11.44,53.2286,52.1606,119.3179,144.9472,64.04,99.84,93.1871,31.9209,63.87
2016-03-23,104.5049,222.58,101.2008,569.63,757.56,112.54,50.8711,71.78,62.25,71.26,92.16,98.6268,87.11,47.57,22.88,57.29,90.2544,72.5036,57.7291,47.1394,85.99700000000001,143.0678,83.1882,152.54,195.4431,122.5693,75.8395,19.5673,44.5244,34.0031,2.68,143.6554,10.65,51.0058,49.5476,119.0281,141.34,61.74,99.59,92.4708,31.9602,65.05
2016-03-24,104.5342,227.75,100.7622,582.95,754.84,113.05,51.0973,72.44,61.69,72.05,92.52,98.811,87.3,47.87,23.0,57.37,90.0389,72.7292,57.5767,46.9692,84.935,141.1292,82.51,155.34,194.4365,122.7952,75.3807,19.4419,44.2328,34.0524,2.79,143.6648,10.5,51.5141,49.7265,119.0935,140.0988,62.23,98.36,92.8433,31.5972,64.24
2016-03-28,104.38799999999999,230.26,100.3045,579.87,753.28,113.69,50.4658,71.95,60.34,72.2,92.4,98.9662,87.16,47.68,22.97,57.11,89.3825,72.6703,57.3958,46.591,84.9707,142.2849,83.4789,152.13,194.7231,123.3788,75.6197,19.4901,44.2516,34.3981,2.78,143.7587,10.38,50.7466,49.0807,121.0504,135.7547,62.51,101.21,93.6741,31.7836,64.64
2016-03-29,106.0643,230.13,102.6788,593.86,765.89,116.14,51.5686,72.3,61.14,74.34,93.22,99.4705,88.74,48.27,23.59,58.23,90.8912,73.9456,57.7005,47.5365,84.7832,144.6987,84.6125,157.13,201.0231,124.6871,78.305,19.8664,44.4491,34.9512,2.86,144.7258,10.45,52.5607,50.253,123.995,134.6492,65.58,104.13,93.7409,32.8714,66.03
2016-03-30,106.5808,226.89,104.4715,598.69,768.34,114.7,51.8891,74.3,61.07,76.14,93.78,100.06200000000001,88.57,48.13,23.37,57.9,91.9002,75.319,57.4053,47.5176,85.2919,146.8795,85.0582,157.43,199.4265,125.5813,78.5439,20.3006,45.0324,35.3166,2.86,147.355,10.48,54.5842,49.8457,123.8727,138.3049,66.58,102.19,94.4572,33.6922,66.41
2016-03-31,106.4249,229.77,103.928,593.64,762.9,114.1,52.0588,73.83,61.18,76.84,93.8,100.867,89.46,48.44,23.58,58.31,92.5761,75.0247,58.4622,48.1416,85.7203,146.8609,85.5233,162.11,200.3498,125.5907,78.9357,20.4357,44.6185,35.1882,2.85,145.0732,10.47,53.9264,51.3261,125.7825,139.2261,66.5,102.23,94.8392,33.4647,66.11
2016-04-01,107.5554,237.59,104.8816,598.5,769.67,116.06,52.3792,75.73,62.03,78.6,95.16,101.5264,90.1,49.28,23.64,57.77,93.9182,76.1136,58.1766,48.5859,86.5235,147.4853,86.6568,166.86,202.1665,126.9273,79.2511,20.6673,44.7972,35.7017,2.83,148.1719,11.03,54.7437,52.8164,124.4748,138.6831,67.23,105.7,94.61,34.0383,65.92
2016-04-04,107.1461,246.99,105.9591,593.19,765.12,112.55,52.2473,75.69,64.28,78.92,94.5,101.7882,89.23,48.93,23.55,58.19,93.1149,76.34899999999999,57.7195,47.9903,86.3361,147.0007,85.5329,167.6,207.3531,126.9273,79.0886,20.426,44.3456,35.3561,2.83,146.4911,10.8,54.7338,53.5218,122.4239,137.0249,65.09,104.35,94.2375,33.8504,65.74
2016-04-05,106.113,255.47,104.7099,586.14,758.57,112.22,51.4272,74.58,63.65,78.13,94.17,100.7603,88.01,48.42,23.5,57.11,92.439,75.5054,57.3196,48.4252,84.3638,145.3791,84.5059,163.73,204.3065,126.6732,78.0661,20.2138,44.1293,35.3067,2.76,145.5709,10.4,53.9961,53.4622,120.0061,137.0152,63.96,104.94,92.6332,33.3362,65.45
2016-04-06,107.8575,265.42,105.8065,602.08,768.07,113.71,51.9551,75.58,63.84,79.01,95.4,101.9531,89.12,48.57,23.46,57.78,93.0072,76.7218,57.2911,48.4063,84.2299,146.106,85.1745,174.16,208.7065,127.4827,78.9548,20.3199,44.4491,35.3561,2.8,147.9278,10.47,54.8135,57.2177,121.0974,140.3121,65.53,104.83,93.0916,33.623000000000005,65.83
2016-04-07,106.3079,257.2,103.4989,591.43,760.12,113.64,51.333,75.32,64.02,77.98,93.78,100.3433,87.26,48.14,23.21,56.39,91.79,76.1037,56.3152,47.5176,82.3022,141.6884,84.4557,168.21,204.9265,126.0049,77.6169,20.069000000000003,43.4049,34.9907,2.64,145.5146,10.51,53.6473,56.4428,120.6458,140.4673,63.35,104.45,91.831,33.0494,63.93
2016-04-08,106.2299,250.07,103.6133,594.6,759.47,110.63,51.2953,74.85,64.5,78.29,94.07,100.5475,87.67,48.24,23.41,56.76,92.0648,76.5452,56.9275,47.7917,79.5088,141.3343,84.4168,168.36,206.5898,125.7696,77.5214,20.0594,43.5554,35.2178,2.74,146.6226,10.72,54.2453,55.479,120.9093,138.9061,62.24,103.81,92.0793,33.5933,64.24
2016-04-11,105.8401,249.92,103.9566,595.93,757.54,108.99,51.1916,74.16,63.31,77.03,92.95,99.8083,87.49,47.87,23.23,56.87,91.7507,76.3392,57.2145,47.8107,80.0532,138.9111,83.4747,169.9,206.7331,125.1954,77.7698,20.2041,43.4708,35.4351,2.76,146.1155,10.45,53.7968,54.108000000000004,120.4671,134.6977,60.59,102.68,91.936,33.0395,63.16
2016-04-12,106.727,247.82,105.3107,603.17,764.32,110.61,51.5121,74.27,61.75,76.41,93.42,99.8959,86.57,47.82,22.98,55.92,92.1335,77.0259,58.0565,48.6805,80.3656,140.2811,83.5135,171.44,208.5031,126.4849,77.789,20.1945,43.1509,35.3956,2.81,145.9465,10.17,53.6273,54.6345,121.7089,133.0299,61.44,106.98,92.9674,33.1087,62.96
2016-04-13,108.0914,254.53,106.8363,614.82,771.91,110.51,52.1719,75.95,63.77,78.87,94.53,100.4794,89.17,48.25,23.33,57.71,93.9888,78.1932,59.4725,49.7393,80.5619,141.5486,85.01899999999999,174.01,209.0031,125.9767,79.1364,20.5611,43.8847,36.2844,2.8,149.7494,10.88,56.0395,55.9559,123.5999,138.4116,63.79,109.65,95.0015,34.7701,64.77
2016-04-14,108.1011,251.86,106.8936,620.75,775.39,110.84,52.1813,76.15,63.0,77.67,94.44,100.1098,88.52,48.1,23.32,58.08,94.4011,78.8014,59.8074,49.4652,81.1866,141.1013,85.5533,172.64,207.6965,126.4755,77.9896,20.7251,43.7906,36.3832,2.72,149.1297,10.4,57.6942,56.2929,124.155,137.151,63.51,110.42,94.1898,34.5229,64.94
2016-04-15,107.8283,254.51,104.7481,625.89,780.0,109.64,52.4546,76.31,63.28,76.8,95.16,100.0126,89.81,48.38,23.46,58.42,94.9017,78.5562,59.4534,49.0397,81.6061,142.7509,85.5144,173.64,208.0731,127.0779,78.0183,20.7155,43.2826,36.6696,2.7,146.0028,10.69,57.7142,56.2143,124.5689,134.0868,63.0,111.51,94.1516,34.1866,66.84
2016-04-18,108.4033,253.88,102.4881,635.35,787.68,110.45,53.2181,77.27,64.47,77.66,96.55,100.9463,90.15,48.86,23.63,59.14,95.8735,79.9001,59.8839,49.1154,81.6418,142.872,85.4658,178.13,208.9931,128.7627,78.4197,20.8023,43.5178,36.5116,2.76,146.3878,10.89,62.1598,56.9992,124.8699,134.8044,65.44,108.4,96.9115,35.047,66.52
2016-04-19,107.7406,247.37,101.9446,627.9,776.25,112.29,53.1522,76.19,63.67,75.38,96.52,101.0727,90.94,49.24,23.62,59.13,95.4514,79.2134,60.8215,49.6826,82.6592,143.2262,85.2424,136.88,207.9031,127.4827,79.0982,20.455,43.1791,35.8598,2.62,141.8525,10.72,61.6016,55.9063,125.1334,133.602,64.54,94.34,98.0193,34.8195,66.19
2016-04-20,107.8283,249.97,102.1544,632.99,774.92,112.42,52.3981,76.14,65.11,76.26,96.33,100.8977,90.87,48.58,23.51,59.39,96.0992,79.6058,62.2088,53.7385,83.0876,142.3501,85.4658,139.48,214.8531,127.2473,79.0026,20.3971,43.706,35.998000000000005,2.7,143.8807,10.75,61.3724,55.9559,123.2894,131.8178,64.39,96.77,98.6209,34.8591,65.8
2016-04-21,107.838,248.29,101.0483,631.0,780.0,113.44,52.5772,77.15,74.27,77.44,96.37,99.4971,90.65,49.11,23.58,60.07,95.7459,79.2527,62.7733,53.2847,83.04299999999999,141.1199,84.6985,144.95,213.9698,126.69200000000001,77.2347,20.2089,43.3014,35.9585,2.62,142.1154,10.65,60.8839,57.028999999999996,124.0609,132.0117,63.81,94.98,98.2771,34.7998,66.18
2016-04-22,106.2105,253.75,100.7717,620.5,737.77,110.56,48.8069,76.48,73.11,76.95,94.79,99.5263,91.0,49.05,23.74,59.54,95.6575,77.6046,63.0795,53.4265,84.0693,139.722,81.8526,143.59,212.7165,127.6897,77.0722,20.3585,43.1509,35.8203,3.99,141.1577,10.66,61.801,57.486000000000004,122.8379,129.0348,63.34,95.9,99.0984,34.2657,65.87
2016-04-25,106.2105,251.82,100.1996,626.2,742.21,110.1,49.1179,76.51,73.41,76.23,95.8,99.5555,91.49,48.84,23.8,59.99,95.1962,76.6531,62.8594,53.7764,83.62299999999999,141.2038,81.532,143.07,212.9131,127.6803,76.6613,20.2041,43.0757,35.998000000000005,3.45,140.0027,10.55,59.9569,57.2277,122.8473,129.0445,62.55,93.56,99.8624,34.5328,65.93
2016-04-26,105.6939,253.74,99.5035,616.88,725.37,108.76,48.4864,76.21,72.66,76.26,96.15,101.0727,91.37,48.49,23.53,61.01,95.4808,77.0357,63.3378,53.956,83.9979,142.2197,81.4155,139.21,210.8331,127.3885,76.69,20.5225,44.1669,36.0276,3.66,141.5614,11.51,61.2926,55.6877,123.2142,129.5487,62.5,92.43,100.16799999999999,34.8195,65.33
2016-04-27,104.846,251.47,93.2768,606.57,721.46,108.89,48.0151,75.69,73.15,75.93,95.64,100.67399999999999,91.62,48.61,23.73,61.4,96.5704,77.2613,63.3665,54.0505,84.3013,141.8655,81.6874,138.59,211.0031,127.7744,77.378,20.6673,44.5432,36.8474,3.73,142.2845,11.56,59.8174,55.0816,123.0354,129.1027,63.69,91.04,100.5404,33.9889,63.35
2016-04-28,103.5791,247.71,90.4257,602.0,705.06,116.73,47.0348,75.38,71.37,75.17,93.64,98.5926,90.56,48.26,23.35,61.39,95.3925,76.2018,62.9934,53.5873,82.4004,141.55700000000002,81.0852,135.75,210.4998,124.9319,74.6927,20.0787,40.6674,35.7511,3.61,138.9604,11.62,57.9933,54.8034,121.7183,130.7899,63.6,90.28,99.3467,33.5241,62.32
2016-04-29,103.0333,240.76,89.3863,659.59,707.88,117.58,47.0065,75.8,71.48,74.98,94.22,98.1257,90.77,47.52,23.19,59.82,95.206,75.7702,62.6011,53.1996,82.0256,138.463,80.8133,134.99,208.7865,126.0237,73.0108,19.7506,40.5263,35.0894,3.55,136.8571,10.75,58.1228,53.5814,121.9629,136.4334,64.59,90.03,98.6113,34.0877,61.85
2016-05-02,104.0079,241.8,89.2909,683.85,714.41,118.57,47.70399999999999,77.25,72.02,75.45,94.9,99.4096,92.24,48.68,23.54,61.37,95.9716,76.967,62.8403,53.332,83.5517,141.0803,81.5612,135.92,211.1198,128.0568,73.1923,19.5963,41.1472,35.5536,3.74,137.167,10.62,58.8007,54.6445,123.0166,135.1535,64.89,93.11,99.6618,34.1965,62.89
2016-05-03,103.04299999999999,232.32,90.7594,671.32,708.44,117.43,46.9217,74.9,69.84,72.4,93.66,98.6218,91.3,48.31,23.36,60.34,94.6759,75.7212,62.0462,52.7836,82.8466,141.529,80.3762,133.65,206.2098,126.6355,72.3705,19.3936,40.9026,35.1289,3.6,134.4627,10.36,57.8736,52.6003,122.1417,133.5244,65.83,91.54,99.1079,33.7317,62.08
2016-05-04,102.3803,222.56,89.8154,670.9,711.37,118.06,47.0065,73.99,67.61,71.27,92.94,97.1531,89.96,47.81,23.14,58.73,94.4796,75.6035,61.4817,52.4036,82.3915,141.6225,79.3951,134.97,205.0498,127.2191,71.5773,19.1524,40.4322,34.329,3.6,133.4017,10.0,56.1392,50.412,121.7277,135.2601,63.13,90.79,99.0029,33.8999,61.88
2016-05-05,102.3511,211.53,89.45299999999999,659.09,714.71,117.81,47.0725,73.81,67.79,71.52,93.5,97.6492,83.76,47.45,23.06,58.46,94.4207,75.8879,61.1564,52.0995,82.9359,138.192,79.8322,138.9,205.1065,126.7579,71.7207,19.1524,40.5357,34.5364,3.66,133.8805,10.06,56.0695,50.1338,121.4267,136.2201,62.04,89.37,100.2062,34.5229,62.24
2016-05-06,102.8969,214.93,88.9542,673.95,725.18,119.49,47.4967,74.25,67.28,70.97,94.3,98.2716,84.61,47.86,23.35,58.66,94.9017,76.2411,61.7209,52.4796,82.8912,136.8833,79.8031,140.71,206.3198,127.7274,71.6155,19.1717,40.6392,34.8919,3.68,133.2326,9.99,55.6408,50.0345,122.7908,136.0553,62.07,90.84,100.7887,37.45,63.94
2016-05-09,103.1892,208.92,89.0213,679.75,729.13,119.24,47.195,74.62,67.43,70.23,94.61,98.8844,85.7,47.99,23.61,58.79,94.9409,76.7316,61.2138,52.4131,83.8908,138.893,80.1528,141.76,207.9531,128.2356,71.3288,19.191,40.5169,34.8425,3.65,133.7115,9.87,54.1556,51.8824,122.3487,134.7462,63.09,90.54,100.5977,36.738,64.52
2016-05-10,104.6024,208.69,89.6257,703.07,739.38,120.5,48.0905,75.92,68.53,72.61,96.52,99.9834,86.49,48.67,23.64,59.57,95.844,77.7027,62.0366,53.1732,84.5512,139.7997,81.0464,142.84,208.8531,129.431,72.5807,19.2779,40.6768,35.5141,3.64,135.7867,10.09,53.6273,52.0811,124.4842,139.0516,66.1,92.89,101.801,36.0062,64.54
2016-05-11,103.65700000000001,208.96,88.7527,713.23,730.55,119.52,48.1188,75.79,68.64,71.61,96.1,99.5166,86.15,48.2,23.6,59.03,94.6366,75.9664,61.7974,52.6126,83.6052,137.519,79.8808,138.86,209.2298,126.4096,72.2558,19.3068,40.5075,35.6129,3.65,135.07299999999998,10.1,53.8366,50.2828,120.2037,140.7679,65.67,90.02,97.685,36.6985,73.38
2016-05-12,103.199,207.28,86.6708,717.93,728.07,120.28,48.5524,75.89,67.47,71.05,95.96,99.4096,86.5,48.47,23.45,58.06,94.0869,76.5462,61.5582,52.5461,84.8725,137.1451,80.0168,136.94,211.0998,126.3061,71.5773,18.9402,40.3758,35.1289,3.59,132.4345,9.63,52.7202,49.2297,121.1915,141.3788,63.78,87.74,97.1311,37.4896,75.01
2016-05-13,102.8189,207.61,86.8435,709.92,724.83,119.81,48.1471,76.37,67.44,70.65,95.97,99.2345,85.83,47.91,23.68,57.87,93.60600000000001,75.5045,61.3477,51.7099,84.1853,135.0699,79.502,136.92,209.6031,125.3084,71.0421,18.9209,40.6768,40.4718,3.67,131.5049,9.56,52.6804,50.1139,120.0437,148.7483,64.46,87.88,95.9947,37.8654,75.2
2016-05-16,104.1053,208.29,90.06700000000001,710.66,730.3,118.67,48.854,77.31,70.3,72.41,97.23,100.8879,86.49,48.61,23.95,59.08,94.3814,76.4578,61.2999,51.7289,84.8189,136.2758,79.8419,140.4,211.7565,127.3885,70.2012,19.1524,41.2413,41.6668,3.79,133.9463,9.68,54.1656,52.3693,120.6835,156.7191,64.9,89.12,95.8419,38.9532,76.62
2016-05-17,102.7994,204.66,89.6929,695.27,720.19,117.35,47.9491,76.77,69.5,71.83,95.93,99.3512,85.19,47.78,23.56,57.98,93.8415,75.4652,60.0465,51.0638,84.2835,134.2287,79.23,138.77,207.1265,124.2448,69.8954,18.9498,41.2602,41.7557,3.79,132.5566,9.67,52.8498,51.9619,118.2939,158.5324,65.79,88.63,95.4408,37.6973,75.135
2016-05-18,103.1697,211.17,90.7194,697.45,721.78,117.65,48.2339,77.87,70.03,72.72,96.7,99.8861,85.22,48.36,23.92,57.76,93.87100000000001,76.0942,60.7737,51.8524,86.3807,132.0694,79.706,140.23,208.4031,124.0283,70.6886,19.22,41.6394,42.8223,3.84,135.1012,10.05,53.6572,52.8958,118.5197,158.6002,64.17,90.5,94.5431,38.0434,74.49
2016-05-19,102.6337,215.21,90.374,698.52,715.31,116.81,47.7687,81.09,69.75,73.58,95.88,98.6412,85.01,48.74,23.77,57.52,92.9581,75.5537,60.0274,51.7289,85.4794,133.3874,79.3757,138.03,207.9298,123.9906,70.0674,19.2103,41.5541,43.01,3.77,134.0308,10.07,53.1887,52.3395,117.97399999999999,156.3409,63.25,89.55,93.9797,37.3808,73.5
2016-05-20,103.7642,220.28,91.3526,702.8,721.71,117.35,48.0535,81.02,70.0,75.26,96.88,100.2071,86.25,49.92,24.55,56.19,93.7139,76.33,61.1564,52.1945,86.0773,133.3781,80.0751,140.51,210.8598,124.1036,73.2783,21.8637,42.4166,43.7803,3.87,137.7773,10.8,56.2289,53.7304,118.8395,161.7517,64.53,92.49,95.288,37.1138,73.11
2016-05-23,103.6278,216.22,92.5135,696.75,717.25,115.97,47.4934,81.73,70.23,75.19,96.62,101.7535,86.78,49.8,24.38,56.96,93.3311,75.878,60.8407,51.976000000000006,86.2379,132.7424,79.8517,139.83,209.5498,123.6988,73.4121,22.0952,42.5493,43.8494,4.04,139.0637,11.14,61.0933,54.4557,119.4228,159.9263,66.87,94.89,94.715,37.3116,73.24
2016-05-24,105.7037,217.91,93.9238,704.2,733.03,117.7,48.9744,82.75,70.98,76.94,99.63,104.3698,88.63,51.18,25.21,58.46,94.7054,78.0105,62.0653,52.9547,87.416,133.2659,81.396,143.48,212.8898,125.5249,75.7534,22.761,44.9758,44.9111,4.2,142.1812,11.49,64.1833,55.5188,121.3891,169.4712,66.07,97.89,95.0302,38.5873,75.35
2016-05-25,106.4638,219.58,95.5739,708.35,738.1,117.89,49.4775,83.57,70.76,77.82,99.61,102.1426,87.98,51.27,24.94,58.91,94.6759,77.696,62.4863,53.7624,87.2107,135.1073,81.6389,143.55,214.3465,125.3743,77.0436,22.9257,44.663000000000004,44.723,4.18,144.2,11.6,65.7583,56.4229,121.5584,168.4972,66.9,100.2,95.3644,38.5181,74.94
2016-05-26,106.7757,225.12,96.3318,714.91,736.93,119.47,49.2591,83.35,70.05,78.0,99.37,103.90299999999999,88.28,51.34,24.93,58.11,94.6072,77.6371,62.4098,53.3918,86.9876,139.9399,81.1726,143.12,212.3998,126.1743,77.4258,22.9935,44.6535,45.1982,4.35,143.6835,11.95,67.692,55.8566,121.6525,172.2275,66.6,102.81,95.3167,38.6615,75.11
2016-05-27,107.3312,223.04,96.2743,712.24,747.6,119.38,49.6673,83.77,70.73,76.03,100.14,104.9339,89.06,51.75,25.05,59.34,95.3925,78.2857,62.6872,53.9524,88.005,139.351,81.736,143.85,212.2165,126.0802,79.2893,23.6815,44.8905,45.4458,4.6,143.9465,12.31,67.5624,56.4726,122.6967,171.2146,67.32,103.3,95.7751,38.9037,75.7
2016-05-31,107.5359,223.23,95.8042,722.79,748.85,118.81,50.3129,83.71,71.63,75.84,99.47,103.7376,89.1,51.67,24.72,58.27,94.13600000000001,77.5781,62.9168,53.9809,87.3624,139.0613,82.008,144.83,211.5698,125.0072,79.1364,23.6621,44.9189,46.2577,4.57,144.9418,12.72,66.9345,57.6748,123.4776,173.2113,67.74,102.57,94.7532,38.8246,76.75
2016-06-01,107.5456,219.56,94.461,719.44,748.46,118.78,50.1705,83.45,73.17,77.38,100.04,104.2629,88.37,51.98,24.74,58.3,94.6366,77.8533,63.0604,54.1234,87.4695,142.5666,81.736,145.78,212.5631,124.7328,79.4422,23.6234,44.9,46.3468,4.43,145.3268,13.09,68.0808,57.794,123.6657,171.575,67.06,101.51,94.0847,38.2214,76.62
2016-06-02,107.7698,218.96,93.7511,728.24,744.27,118.93,49.8192,83.24,74.23,78.18,100.17,105.1576,88.95,52.4,24.73,58.76,95.098,78.5707,63.5387,54.303999999999995,87.0501,141.6225,81.9011,147.1,213.1465,125.2816,79.92,23.759,44.663000000000004,46.6735,4.24,145.4582,13.11,69.57600000000001,59.4532,125.7637,169.0816,68.63,101.25,94.2757,38.2609,76.58
2016-06-03,107.26299999999999,218.99,93.943,725.54,735.86,118.47,49.1642,82.55,73.53,80.14,98.7,104.506,88.2,52.03,24.7,58.29,94.2636,78.5609,62.6585,53.6483,86.3986,141.8094,81.2018,145.54,212.2798,124.6476,79.4135,23.6331,44.9379,46.02,4.16,152.6415,12.86,68.3698,57.7244,126.0836,170.9906,68.16,99.59,94.3044,37.3907,76.36
2016-06-06,107.6528,220.68,94.6241,726.73,730.06,118.79,49.486999999999995,82.83,75.06,81.84,99.12,105.1674,88.44,52.47,24.88,58.67,94.8624,79.1505,63.0891,54.456,86.3718,142.3048,81.8623,147.6,211.8731,122.2349,78.9548,23.4199,44.4261,45.7824,4.47,152.9044,12.77,70.1441,59.2843,125.4438,169.9777,71.46,100.74,94.333,37.3413,76.49
2016-06-07,107.38,232.34,95.0079,723.74,731.09,117.76,49.4585,83.14,76.02,81.32,98.52,105.4786,88.49,52.76,24.86,58.68,94.9017,79.2095,63.0412,54.494,85.7114,142.66,81.9497,144.95,211.9631,122.9256,79.5783,23.4199,44.7104,45.8715,4.51,154.7824,13.0,70.194,58.2411,127.4101,170.2601,68.63,99.89,93.9224,37.7072,77.25
2016-06-08,107.5651,235.52,94.9215,726.64,742.93,118.39,49.4015,83.35,77.04,80.46,98.68,104.4866,88.82,53.44,24.88,58.53,96.1876,80.2414,63.3952,54.532,85.6668,143.3611,81.7457,145.26,214.2931,122.6134,79.9811,23.478,44.7199,45.723,4.46,153.7119,12.58,70.4133,58.3106,127.2313,170.2699,69.24,97.86,93.6263,37.6973,76.28
2016-06-09,107.3897,229.36,95.6027,727.65,742.52,118.56,49.0028,82.73,75.56,79.89,98.07,104.5741,88.99,53.08,24.86,57.79,95.2354,79.8581,62.869,53.9714,85.3435,143.9967,81.2601,143.42,216.0665,122.339,80.2113,23.6621,44.5777,46.9111,4.52,154.1251,12.51,70.6126,56.6017,130.9568,167.0168,69.47,97.09,93.4353,38.1126,76.25
2016-06-10,106.1715,218.79,94.816,717.91,733.19,116.62,48.8699,81.83,74.03,77.63,97.09,103.5237,87.47,52.5,24.7,56.18,93.4587,78.7967,62.161,53.4963,85.5231,144.7632,79.6671,141.62,213.8631,121.8943,79.0028,23.323,44.2934,45.7428,4.32,151.0076,12.14,68.5792,55.3101,134.0802,157.7641,67.22,93.75,92.9579,37.3511,75.28
2016-06-13,105.2846,217.87,93.3865,715.24,731.88,113.95,47.5979,81.49,72.71,78.89,96.96,102.765,87.0,52.14,24.59,55.89,92.4575,77.0474,60.9172,52.7551,85.55,144.838,79.3174,139.71,214.6998,120.9481,78.6287,23.197,43.9047,46.327,4.4,150.2471,12.05,67.3232,54.3862,131.1261,158.96200000000002,66.11,93.85,93.1775,37.2127,74.24
2016-06-14,105.2846,214.96,93.5016,719.3,733.25,114.94,47.3036,81.09,72.98,80.85,96.98,103.3097,87.19,52.17,24.39,55.71,92.3789,77.2145,58.4296,50.6172,85.1549,145.6979,78.6375,137.77,214.9965,118.4976,78.6191,23.0032,44.5114,46.4161,4.39,149.2893,11.92,67.6322,54.1477,129.7902,160.1795,65.07,94.12,93.9701,37.9841,74.52
2016-06-15,104.9825,217.7,93.1946,714.26,732.19,114.6,47.1707,81.99,74.47,80.23,97.02,103.3681,87.59,52.53,24.35,56.61,91.6231,76.8214,58.7645,50.4747,84.5801,144.7538,78.317,136.73,215.0365,119.7181,79.1083,22.9645,44.2554,46.8913,4.42,149.2048,12.02,68.4695,54.3862,129.8937,160.0237,64.84,94.29,93.846,37.9049,74.39
2016-06-16,105.2943,217.93,93.588,717.51,724.25,114.39,47.8352,81.64,73.68,79.3,97.19,103.5723,87.97,52.52,24.4,56.77,92.3495,76.9983,59.2524,49.9711,85.4602,146.21200000000002,79.094,136.34,214.5098,120.5034,79.2905,22.9548,44.3976,47.0794,4.75,149.4214,11.95,68.5393,54.5054,129.6303,160.9782,64.39,95.44,93.95100000000001,38.5972,75.0
2016-06-17,104.0631,215.47,91.4581,706.39,704.25,113.02,47.5884,80.5,72.07,78.6,95.58,102.4733,87.96,52.46,24.26,56.68,91.574,75.6618,59.1855,50.1706,84.4993,145.7166,78.9095,137.05,213.9131,120.2953,79.5015,22.7029,43.9806,46.2577,5.26,146.9441,12.2,68.7187,53.0702,128.0404,158.8646,63.08,94.45,94.5431,37.6577,74.52
2016-06-20,104.7178,219.7,91.2375,714.01,706.13,113.37,47.5314,81.22,72.6,79.33,97.99,104.4087,88.98,53.12,24.48,57.56,92.6145,76.0057,59.6064,50.5317,84.4454,146.2681,79.0066,140.1,216.0265,120.7494,80.8347,22.8967,44.0754,47.0893,5.1,147.8201,12.32,69.2271,53.8558,129.1787,160.64700000000002,64.66,93.8,95.0875,38.2609,75.31
2016-06-21,105.0501,219.61,92.0146,715.82,708.88,114.38,48.5946,81.63,72.73,79.41,99.72,104.9437,89.63,53.09,24.44,58.07,93.3606,75.9959,59.5969,50.6267,83.9604,146.9411,78.5695,139.05,215.0565,120.863,81.1992,23.0904,44.246,46.8022,5.45,146.7651,12.75,67.2933,52.8912,128.8118,161.4554,64.51,90.99,94.3712,38.2313,75.51
2016-06-22,104.796,196.66,91.6692,710.6,710.47,113.91,48.4048,80.62,71.92,78.21,94.01,103.5334,89.44,53.14,24.29,57.38,92.3299,75.2097,59.2716,50.6172,84.4634,147.8011,78.1519,140.89,217.1498,120.7305,82.1487,23.2261,43.9995,46.7626,5.02,146.134,12.72,66.9345,53.0006,130.27,163.1696,64.74,90.01,94.3426,37.895,74.8
2016-06-23,106.2911,196.4,92.1969,722.08,714.87,115.08,49.2781,82.28,75.18,80.33,96.21,105.9649,92.41,53.93,24.62,59.06,93.9495,76.8804,60.5154,51.5769,86.3583,146.7822,78.8803,146.59,220.4398,121.3834,83.6162,23.759,44.9663,48.0101,5.21,149.412,14.05,68.8882,54.2137,132.5185,168.4096,65.98,91.66,94.5622,38.4884,76.05
2016-06-24,101.9132,193.15,89.6065,698.96,685.2,112.08,47.3036,78.46,70.33,74.03,92.2,102.4441,87.67,52.08,23.78,54.04,89.7875,73.7552,57.4633,49.2109,87.0408,145.4082,76.8406,138.91,214.9398,119.5951,78.9165,22.5091,42.9474,45.2774,4.88,140.0867,13.21,65.1801,51.5587,128.1721,167.6109,61.87,88.44,91.4108,36.5699,73.21
2016-06-27,99.8904,198.55,88.3018,691.36,681.14,108.97,45.9746,76.07,63.67,69.46,90.85,101.3256,85.09,51.33,23.07,50.54,87.4317,72.0747,55.1766,48.1847,83.4934,144.19299999999998,74.5191,135.48,209.9665,117.9582,76.6913,21.5982,41.5541,44.7923,4.72,135.2922,12.23,62.8277,49.4009,126.5348,162.3222,60.03,85.33,90.1311,35.7491,71.5
2016-06-28,102.0794,201.79,89.7888,707.95,691.26,112.7,46.9334,77.55,65.13,70.72,92.46,103.086,86.58,52.11,23.6,51.48,88.7568,73.8633,55.4062,48.6028,84.616,145.4456,75.6847,135.01,212.8698,120.6643,78.3314,22.2281,42.4166,45.4458,5.12,141.0758,12.99,65.3396,51.7079,127.1405,168.4972,61.15,87.97,91.7259,36.7677,72.6
2016-06-29,103.8872,210.19,90.5659,715.6,695.19,114.16,47.9776,79.0,66.44,73.89,94.39,106.2956,88.12,53.0,23.95,53.22,90.4354,75.4161,57.3293,49.895,86.2954,146.829,77.7051,137.58,219.2398,120.5129,78.8397,22.8288,43.0991,46.1883,5.13,146.0022,13.19,65.9775,53.7563,128.5033,176.7565,63.89,91.06,92.6141,37.5984,73.74
2016-06-30,105.0892,212.28,91.7172,715.62,703.53,114.28,48.5756,79.41,66.4,74.67,95.79,108.552,90.75,54.08,24.3,54.14,86.4402,72.8904,58.4157,50.9213,87.4719,146.7916,79.434,140.38,220.4698,120.8157,80.6237,23.2261,43.7246,46.5448,5.14,146.3789,13.76,67.5824,53.7762,130.822,188.19099999999997,64.3,91.48,93.4162,39.1905,75.76
2016-07-01,105.6169,216.5,91.9954,725.68,710.25,114.19,48.5662,79.83,66.21,74.34,95.32,108.8438,90.65,53.77,24.38,54.34,87.2157,73.1951,58.3484,51.0163,86.51100000000001,145.9223,78.8609,140.73,222.1031,122.6418,79.5879,23.1486,43.7815,46.1982,5.07,145.2674,12.5,67.9014,55.4965,131.2858,179.7661,64.61,96.67,93.6168,39.1707,75.87
2016-07-05,104.9719,213.98,91.132,728.1,704.89,114.0,48.5756,78.67,65.27,72.65,94.73,109.6511,89.09,53.56,24.4,52.8,86.6267,73.3818,56.8679,49.724,87.90299999999999,145.1184,78.2587,138.67,221.5564,122.3863,78.5424,23.1001,43.1938,46.8814,4.96,142.0083,11.91,66.0772,54.8004,130.9167,181.977,64.3,97.91,93.2635,39.7048,75.89
2016-07-06,105.8318,214.44,91.65,737.61,708.97,116.7,48.775,78.5,65.33,72.6,95.18,110.1763,89.26,53.74,24.44,52.96,85.4194,72.7823,57.1851,50.2466,88.1185,145.8288,78.3461,140.79,223.4798,124.4868,78.6096,23.2552,43.1085,47.1784,5.04,141.8858,11.73,66.137,56.2622,131.2668,181.2758,64.98,94.6,94.0274,40.0608,76.74
2016-07-07,106.1446,215.94,92.0434,736.57,707.26,115.85,48.775,78.76,65.01,73.79,95.14,111.1197,89.68,53.82,24.58,53.53,86.3834,73.2245,57.5024,50.5697,88.1454,153.0169,78.502,140.06,225.0998,124.0989,78.6863,23.5362,43.3265,48.4062,5.02,142.2249,12.2,67.6223,56.7494,132.1186,183.5354,65.61,95.1,94.6577,39.9421,76.62
2016-07-08,107.7863,216.78,92.7533,745.81,717.78,117.24,49.6484,80.89,69.12,75.71,96.79,112.6078,91.42,54.25,25.05,55.14,87.1213,75.1016,59.1176,52.242,88.819,154.6434,79.2617,141.25,226.2798,127.1077,81.4102,24.1563,44.5208,50.3468,5.1,146.134,12.62,70.4631,57.2665,132.7149,180.3115,67.13,97.06,95.8216,40.8321,78.26
2016-07-11,108.4019,224.78,93.0411,753.78,727.2,117.87,49.9237,81.66,68.85,77.57,97.14,112.75399999999999,91.27,54.67,25.38,55.49,87.3082,75.1999,59.7617,52.8692,89.2321,155.8399,79.4272,139.64,224.5664,127.874,82.8009,24.3695,44.7578,51.5052,5.01,148.2252,12.64,69.6457,57.0477,135.0052,191.5025,68.2,94.67,96.1679,41.732,79.17
2016-07-12,108.9491,224.65,93.4633,748.21,732.51,117.93,50.5122,81.93,70.46,80.48,97.54,113.4464,91.85,54.91,25.58,57.38,88.5379,76.1433,60.5693,53.8669,89.5913,155.4286,80.8784,148.99,225.1031,127.5807,84.6328,24.6214,45.0043,52.2775,5.14,149.3837,13.23,69.6158,57.6046,137.0399,192.19400000000002,69.72,95.97,96.3795,42.1869,79.51
2016-07-13,108.6853,222.53,92.9356,742.63,729.48,116.78,50.797,81.33,70.15,79.73,97.34,113.0368,90.91,54.87,25.51,56.87,88.8723,76.1237,60.6655,53.8859,89.5285,155.8959,81.2291,145.86,224.2798,126.3696,84.9973,25.1059,45.137,52.2577,5.09,148.2722,13.29,68.4695,55.9141,136.0841,188.5903,68.59,96.43,96.0717,41.643,77.62
2016-07-14,109.428,221.53,94.7776,741.2,735.8,117.29,51.0153,81.56,70.16,79.94,97.7,113.4951,91.08,54.79,25.73,58.16,89.9643,76.7919,61.1558,54.5795,90.9654,156.0455,81.7258,147.23,225.1998,127.2969,84.2875,25.29,45.3455,52.7923,5.17,151.45600000000002,13.29,68.9679,55.8545,135.8853,190.4116,68.53,98.02,96.1582,41.3859,78.05
2016-07-15,109.2521,220.4,94.76799999999999,735.44,735.63,116.86,50.9774,81.4,71.02,78.85,97.83,112.1202,91.14,54.42,25.58,57.98,89.4528,76.9492,61.3192,54.5605,91.4503,155.5501,81.5213,148.71,223.4598,127.524,84.9302,25.5225,45.4024,52.1785,5.14,151.8046,13.13,69.2769,56.8091,136.226,190.1292,68.26,98.39,95.9947,41.732,77.83
2016-07-18,109.9752,226.25,95.7754,736.07,753.2,119.37,51.2242,81.63,69.83,78.41,97.79,112.3835,91.04,54.31,25.66,58.01,90.1119,76.959,61.5211,54.247,91.154,156.5783,81.2193,149.57,223.5131,129.0,85.6783,25.7745,45.8478,52.4458,5.51,152.9066,13.34,69.5062,57.1869,135.8759,194.2393,68.74,98.81,96.3314,41.6727,78.26
2016-07-19,109.5746,225.26,95.8138,739.95,753.41,120.61,50.3983,81.37,69.99,78.96,97.79,111.9252,90.5,54.58,25.9,57.52,90.8792,77.3619,61.6846,54.1424,91.8634,157.1485,81.5018,148.68,223.9664,129.6055,85.8413,25.570999999999998,45.4782,52.9904,5.41,151.2111,13.22,68.6489,56.113,136.2166,193.6062,68.55,85.84,95.6773,41.0596,76.5
2016-07-20,110.8547,228.36,95.9001,745.72,757.08,121.92,53.0753,82.14,72.65,79.82,98.4,111.9349,90.46,54.88,26.11,58.27,91.7843,77.9909,61.9922,53.4963,91.13600000000001,157.0737,81.8427,152.59,234.3498,130.0124,87.4814,25.8229,45.573,53.6834,5.41,153.2269,13.59,69.4364,58.0023,136.5762,193.8692,69.29,87.91,94.475,40.9211,76.7
2016-07-21,110.6006,220.5,95.3916,744.43,754.41,120.61,52.9709,81.7,71.05,78.18,96.34,110.3747,89.39,54.45,25.84,57.58,90.9579,77.4307,60.9827,53.3063,90.7319,156.1483,81.5018,151.31,230.3164,128.7445,85.6687,25.416,45.2981,52.6933,5.22,151.0981,13.18,67.8615,58.5691,135.8475,192.2329,68.69,85.99,94.273,40.8123,75.38
2016-07-22,111.0599,222.27,94.6529,744.86,759.28,121.0,53.7019,82.55,72.67,79.97,98.06,111.2231,90.0,54.81,26.07,58.78,92.1384,78.5314,61.7999,53.7719,91.4144,156.5409,82.6705,150.76,229.7898,129.1703,86.3688,25.5516,45.8289,54.129,5.84,150.4011,13.13,68.3499,58.9669,136.7844,190.9181,70.09,85.89,93.9844,40.9805,76.33
2016-07-25,111.0697,230.01,93.3865,739.61,757.52,121.63,53.8538,82.19,73.56,80.03,97.32,111.1158,89.99,54.62,26.13,58.22,91.4891,77.5781,61.848,53.8099,91.2079,157.0083,82.3297,150.64,228.7898,129.1514,86.9347,25.6679,45.9237,55.129,6.7,150.5047,13.92,68.0409,59.1658,136.5857,195.8853,70.06,87.66,93.6766,41.9298,76.9
2016-07-26,111.1967,229.51,92.7437,735.59,757.65,121.22,53.8822,81.76,73.34,80.1,97.91,110.794,90.34,54.17,24.26,58.75,91.9121,77.1359,61.8865,53.7148,91.154,156.6344,82.3881,150.1,228.8731,129.3879,87.8555,25.978,47.1085,56.0696,6.98,153.9522,14.67,67.1139,59.5436,135.1471,199.1676,69.94,91.41,93.0033,41.0991,76.84
2016-07-27,111.9687,228.49,98.7687,736.67,761.97,123.34,53.3411,81.5,72.98,81.24,97.93,109.7409,89.72,54.03,24.18,59.62,92.2269,77.1752,62.098,53.8384,92.2496,155.3071,82.7777,162.25,227.6931,128.9716,88.2008,26.0652,47.2412,55.5052,6.85,156.0433,14.19,72.038,61.2739,134.1723,201.7779,69.85,92.04,92.65700000000001,40.4365,76.67
2016-07-28,112.3596,230.61,100.1022,752.61,765.84,125.0,53.3601,82.33,76.38,83.09,98.44,109.2533,90.07,54.31,24.01,59.45,94.4502,77.8238,62.2903,54.0474,91.5491,155.494,82.6219,166.42,230.0298,130.5328,89.275,25.7939,48.426,55.623999999999995,6.82,154.6963,13.81,70.8818,60.9755,135.6866,200.6675,71.23,91.65,92.25299999999999,39.8234,76.28
2016-07-29,112.6039,234.79,99.9775,758.81,791.34,123.94,53.8063,81.8,74.92,83.34,97.86,108.2294,89.36,54.16,24.05,59.45,93.6927,76.7035,61.973,54.0094,91.8185,156.3072,82.3784,166.35,231.9198,130.7977,86.1003,25.4741,48.4165,56.5349,6.86,152.577,13.74,70.6126,61.7213,135.4026,198.9534,69.97,91.25,92.2915,39.7146,76.32
2016-08-01,113.2,230.01,101.7428,767.74,800.94,124.31,53.7114,81.02,75.07,82.74,97.72,108.0052,90.38,54.55,24.15,59.74,93.5255,76.9098,61.6557,53.5438,92.5819,156.625,82.1251,170.65,231.2898,131.2992,87.0786,25.4547,48.5303,56.1686,6.64,154.0181,13.56,73.5831,63.2129,135.5257,197.43400000000003,70.45,94.37,91.8972,39.6256,76.63
2016-08-02,112.3401,227.2,100.2365,760.58,800.12,123.09,53.7114,80.5,73.23,80.39,96.05,106.5035,89.3,54.13,23.95,57.87,93.7026,76.9295,61.0212,53.0497,92.7615,155.6342,81.531,166.92,230.1631,129.8326,86.0619,25.164,48.1132,55.4854,6.26,153.4341,13.4,71.9882,62.6461,135.8096,195.1256,69.41,93.56,91.3874,39.3092,76.78
2016-08-03,112.7114,225.79,101.4933,754.64,798.92,122.51,54.0816,80.41,74.27,82.03,96.67,107.0983,90.32,54.36,24.22,57.95,93.5353,77.3521,61.3673,53.81399999999999,92.7435,155.279,80.6544,165.05,229.2431,129.6812,87.0786,25.3869,48.1891,55.6339,6.3,154.5833,13.51,71.749,64.0184,134.9578,193.4309,69.49,93.1,92.4262,39.9322,78.63
2016-08-04,113.0339,230.61,102.1169,760.77,797.25,124.36,54.4803,80.56,74.94,82.34,97.09,107.1666,92.8,54.68,24.33,58.25,94.3518,78.1088,61.473,53.9859,92.8244,155.681,80.6642,165.66,231.1964,128.7256,88.17200000000001,25.5516,48.7483,56.6636,6.47,157.2961,14.03,70.0245,63.143,136.1692,193.2556,63.59,93.44,91.5316,40.3772,78.23
2016-08-05,114.1186,230.03,103.6698,765.98,806.93,125.15,55.0214,81.33,75.83,83.09,99.04,108.71700000000001,94.84,55.16,24.68,59.33,95.3061,78.7574,62.9921,55.2088,93.8931,156.7559,80.7421,166.53,231.1098,129.5393,89.43799999999999,25.978,49.0706,57.623999999999995,6.61,160.2444,14.52,64.4126,63.8294,136.2544,196.3431,60.81,97.03,92.1761,40.1102,79.84
2016-08-08,113.9916,226.16,104.5283,766.56,805.23,125.26,55.1163,81.17,74.94,82.62,98.49,109.2338,94.81,55.13,24.69,59.37,95.2077,78.5707,63.2901,55.3712,93.5608,156.4755,80.4694,166.46,230.9464,128.877,88.9297,25.9973,48.881,58.1587,6.68,158.5772,14.42,63.7148,62.6262,147.1287,195.1451,61.84,95.11,92.0991,40.1597,79.27
2016-08-09,114.2554,229.08,104.9527,768.31,807.48,125.06,55.2492,81.18,75.0,83.05,98.87,109.3411,95.14,55.49,24.63,60.34,95.12899999999999,78.6788,62.8671,55.3234,93.1926,156.9055,80.4207,165.59,232.2264,128.7824,89.4764,25.9586,49.5919,58.3072,6.6,161.2335,14.48,62.0402,62.5666,143.9582,193.8108,61.1,93.99,92.9841,40.7926,78.69
2016-08-10,113.9622,225.65,104.1714,768.56,808.49,124.88,55.0783,80.24,74.55,82.51,100.62,110.0529,95.93,55.75,24.68,60.3,94.7257,78.3054,62.2422,54.8744,93.1656,157.72799999999998,80.0408,165.98,231.0798,128.2998,85.4673,25.5904,49.2676,57.931000000000004,6.49,161.874,14.2,61.7213,60.6176,149.154,194.2198,61.25,93.93,94.1287,40.6442,78.57
2016-08-11,114.4508,224.91,104.1039,771.24,808.2,124.9,55.3442,81.48,76.09,83.65,101.67,110.3357,96.71,55.88,24.8,61.71,94.9618,78.7378,62.9536,55.4571,92.7885,157.3438,80.7323,168.02,231.8464,129.6623,85.2563,25.9877,49.4393,59.1092,6.58,162.1001,14.43,61.5219,61.611999999999995,148.2076,195.0769,61.59,95.89,94.0421,40.8519,77.85
2016-08-12,114.529,225.61,104.345,772.56,807.05,124.88,55.0024,81.63,75.77,83.49,101.04,109.3021,96.69,55.74,24.71,61.83,94.5584,78.6395,62.8575,55.5718,93.2285,158.431,79.8753,166.99,230.3064,129.2176,85.5344,26.3365,49.4488,62.4161,6.73,162.458,14.93,59.4685,62.1688,147.8952,200.5117,61.7,96.59,93.1476,40.6838,77.43
2016-08-15,115.0176,225.59,105.5989,768.49,805.96,123.9,55.1733,78.92,76.74,83.65,100.93,110.5015,97.47,56.06,24.75,62.98,94.8732,79.5141,63.0978,55.61,94.2164,158.1404,80.0019,173.36,230.9964,129.6812,87.0306,26.6175,49.6396,62.3567,6.95,165.3498,15.53,60.5251,62.9941,148.5577,205.9757,62.13,95.31,93.3977,41.02,79.48
2016-08-16,114.3824,223.61,105.5025,764.04,801.19,123.3,54.8695,77.96,74.52,82.25,100.6,109.6726,96.72,55.86,24.37,62.65,94.0666,79.4257,62.7806,55.4094,93.3812,157.8405,79.1156,169.65,228.6798,128.8959,86.1866,26.3752,49.3534,61.9805,6.78,162.3921,15.49,59.2991,61.9401,146.2012,207.6509,62.0,95.12,93.1861,38.8741,78.05
2016-08-17,114.5876,223.24,105.3482,764.63,805.42,124.37,54.9841,76.32,73.07,80.7,99.7,109.9359,97.49,55.89,24.42,62.79,94.037,79.5829,63.1459,55.4858,95.0246,157.4188,78.9987,169.15,227.6331,128.8202,86.5223,26.4431,49.7827,60.5448,6.68,162.9855,15.52,59.1495,61.611999999999995,145.8415,207.7775,62.05,96.37,93.1764,39.4378,79.77
2016-08-18,114.617,223.51,105.2131,764.46,802.75,123.91,55.0223,76.91,73.07,81.37,100.67,109.7409,97.43,58.5,24.76,63.5,93.7222,79.0218,63.0978,55.523999999999994,95.4916,157.2219,79.7779,172.37,228.5398,127.5429,87.2129,26.820999999999998,50.5648,61.4854,7.04,163.8333,15.77,61.0335,61.8605,148.1318,202.2162,62.23,96.16,92.9648,39.5762,80.98
2016-08-19,114.5876,225.0,105.4832,757.31,799.65,123.56,55.0414,77.48,73.69,82.08,100.32,109.9944,97.69,58.59,24.99,63.74,93.6731,79.2187,63.0017,55.2852,95.1055,157.475,80.3525,171.67,229.2231,128.1674,89.3805,28.7201,50.6888,61.6439,7.62,164.7752,16.25,62.1,61.5026,149.1256,204.28099999999998,62.0,95.87,92.7147,39.5366,81.76
2016-08-22,114.6756,222.93,104.6633,759.48,796.95,124.15,55.0892,77.25,71.39,79.24,100.24,109.7409,97.55,58.52,24.95,63.29,94.2338,79.7995,62.8383,55.1514,95.0067,157.4,80.1674,173.75,230.7498,128.0538,89.3901,28.2453,51.1849,61.9013,7.58,165.7172,16.19,60.4952,63.1433,149.7123,207.0373,61.8,95.26,92.2146,39.6751,81.49
2016-08-23,114.8808,224.84,104.9913,762.45,796.59,124.37,55.2994,78.02,72.62,79.95,101.14,111.0086,98.29,58.93,25.24,63.46,94.7257,79.5435,63.1459,55.4762,95.2222,156.8564,81.0148,172.79,231.9864,128.8864,90.0423,29.1174,51.5378,62.4013,7.67,167.0453,16.18,60.0566,63.4217,152.05,207.6217,62.64,95.94,92.3108,40.1893,82.31
2016-08-24,114.1381,222.62,104.2003,757.25,793.6,123.48,55.3567,77.82,72.77,79.65,101.14,107.1178,98.13,58.61,25.21,63.17,93.978,79.0415,62.646,55.2279,95.0336,157.0532,80.781,169.54,228.5298,127.7889,88.9009,28.8744,51.4901,61.4391,7.43,165.1237,15.51,59.1196,60.6971,151.1982,205.6153,61.93,95.18,92.1665,40.219,82.42
2016-08-25,113.9525,220.96,103.7566,759.22,791.3,123.89,55.5668,80.16,73.6,85.33,101.69,107.2641,98.39,58.74,25.43,63.7,94.037,79.071,62.4922,55.4189,94.854,154.5133,80.9758,169.48,228.8164,128.139,89.6203,28.8258,51.595,61.0325,7.465,165.8208,16.2,59.32899999999999,60.0508,151.5768,203.0635,61.9,97.32,91.9068,40.5354,81.55
2016-08-26,114.1186,219.99,103.149,769.0,793.22,124.96,55.4331,80.03,73.5,83.08,102.06,107.5761,98.51,59.14,25.57,68.87,94.9028,79.3171,62.2903,55.8488,95.0875,153.6417,81.1804,172.21,228.4298,127.1266,89.9751,29.1369,51.6809,61.5284,7.67,166.8757,16.51,59.0,60.7568,149.6366,212.0435,62.37,97.58,91.5797,40.5948,81.21
2016-08-29,114.2749,215.2,103.0332,771.29,795.82,126.54,55.5,79.92,73.39,83.36,102.3,108.0052,98.5,59.29,25.57,68.32,95.2077,79.6125,62.9921,56.508,96.4077,153.6885,81.1414,170.42,229.1831,127.9687,90.4835,29.2146,51.6522,61.4887,7.59,167.1018,16.91,59.4386,60.6971,150.4032,208.7686,61.94,97.3,91.2527,40.8321,81.51
2016-08-30,113.9036,211.34,102.2423,767.58,791.92,125.84,55.2994,79.83,73.44,84.97,102.0,108.3855,95.35,59.08,25.52,68.03,95.5127,79.9078,62.9248,56.9857,96.8477,151.7953,80.9856,168.99,229.1764,127.5334,89.1791,29.1563,51.6904,61.1316,7.49,166.725,16.74,59.2791,60.5181,150.2991,206.2563,61.25,97.45,91.2431,41.1189,81.73
2016-08-31,113.7863,212.01,102.3388,769.16,789.85,126.12,54.8886,79.42,72.67,84.79,102.31,108.678,95.09,59.29,25.44,67.4,95.0602,79.642,63.0498,57.32,97.3057,151.9172,80.9077,168.34,228.8064,127.5524,89.5052,29.0105,51.7095,60.843999999999994,7.4,166.1787,16.49,57.4052,59.7525,149.9395,207.2045,61.0,97.45,90.8583,40.9112,81.23
2016-09-01,114.0795,200.77,102.9464,770.62,791.4,126.17,55.0128,75.91,74.0,87.89,102.9,109.5459,94.58,59.14,25.51,67.37,96.0341,80.0358,62.3576,56.9379,97.6201,146.4062,80.7713,168.56,229.8964,127.6571,90.7616,29.448,51.7381,62.6394,7.35,166.8098,16.64,57.1061,60.0011,151.8985,211.05599999999998,61.32,97.38,90.666,41.6826,81.76
2016-09-02,114.4508,197.78,103.911,772.44,796.87,126.51,55.0892,75.1,76.24,88.98,103.57,109.2826,95.66,59.67,25.91,68.01,96.2997,80.7249,62.6748,57.3392,97.4494,148.0651,82.20299999999999,167.9,229.4564,128.532,90.5027,29.1855,51.9479,62.0244,7.51,163.0609,16.7,57.2457,59.8121,152.7314,210.0784,61.2,97.38,90.8199,42.3254,83.46
2016-09-06,115.1642,202.83,103.882,788.87,808.02,129.73,55.0319,75.42,77.72,90.1,103.5,108.6,95.3,59.8,25.84,67.69,97.1851,81.2466,63.2228,57.0048,96.72200000000001,148.1401,81.492,170.18,231.0398,127.5334,89.8696,29.1466,51.8526,62.6096,7.34,161.1675,17.01,57.4749,61.3832,153.5737,217.00900000000001,61.52,100.09,90.2235,43.0275,83.87
2016-09-07,115.2326,201.71,104.5186,784.48,807.99,131.05,55.0797,75.01,76.56,89.28,103.0,109.1851,95.21,59.93,25.98,68.6,97.9524,81.9456,63.6362,56.8806,96.4616,145.872,81.531,169.58,230.0231,126.2876,90.1957,29.0785,51.2898,61.6871,6.84,159.0952,17.16,58.8904,62.3577,153.8198,214.0081,62.16,99.15,90.1369,42.8989,82.75
2016-09-08,114.5583,197.36,101.7793,784.06,802.84,130.27,54.86,74.88,75.4,88.73,101.88,108.2002,94.62,59.71,25.71,68.81,98.3557,81.6798,63.6843,57.0526,96.1635,143.8381,80.781,170.07,230.3831,124.8325,89.7449,28.9619,50.9273,62.1335,6.225,158.6054,17.45,58.4119,63.1831,153.5642,216.6962,61.8,99.66,90.5024,42.8198,82.16
2016-09-09,111.6756,194.47,99.47399999999999,760.14,788.48,127.1,53.6945,74.2,73.58,87.22,99.38,106.5327,92.61,58.32,25.04,66.84,96.5555,80.0653,62.6075,56.1163,95.7752,141.24200000000002,79.4564,164.85,225.4064,121.4849,87.4526,28.0577,49.6777,59.0387,5.9,151.4466,16.81,57.8138,60.9059,149.9963,208.3776,61.72,96.5,88.8961,41.821000000000005,79.86
2016-09-12,113.6788,198.3,101.7022,771.49,798.82,128.69,54.497,74.36,74.53,87.51,100.32,106.8155,93.53,59.09,25.29,67.35,98.4836,81.6798,63.3574,56.9093,97.6988,142.1699,79.5928,170.71,227.7964,122.2932,89.7449,28.7674,50.6698,60.2588,5.94,154.9318,17.15,58.8106,63.1035,152.0784,224.8976,63.61,99.05,90.0696,42.978,80.84
2016-09-13,112.6625,196.05,104.1232,761.01,788.72,127.21,54.0002,73.06,72.42,86.67,98.77,104.0461,92.34,57.93,24.62,65.78,97.7753,80.6166,61.8768,55.438,97.3376,141.2795,78.6286,170.15,224.0764,119.5638,88.0803,28.5633,50.107,59.3859,5.74,155.6477,16.75,57.8637,62.0196,150.6398,226.0706,63.04,96.09,89.1654,42.9286,80.87
2016-09-14,113.2,196.41,107.8078,761.09,790.46,127.77,53.7423,73.82,72.56,86.73,98.79,105.4211,92.4,57.72,24.39,65.51,97.1064,80.2228,61.0308,54.8839,97.1299,141.2326,78.2292,171.78,224.3731,120.0773,88.1092,28.6119,50.5648,59.9116,6.04,159.764,16.93,58.1129,63.5411,151.113,229.4822,61.81,97.01,88.7422,43.1758,80.83
2016-09-15,114.959,200.42,111.473,769.69,801.23,128.35,54.6307,73.99,77.71,88.5,99.62,107.03,93.58,58.4,24.83,67.39,97.854,80.7347,61.3673,55.1132,98.6922,143.0884,78.5507,174.94,228.0631,120.7431,89.8315,29.3119,51.099,62.1831,6.02,163.1739,17.45,59.6679,64.5653,152.9396,232.4049,61.82,97.34,88.9731,44.0955,83.37
2016-09-16,114.9041,205.4,110.8461,778.52,797.97,129.07,54.688,73.29,77.29,88.93,98.93,106.2889,91.92,58.0,24.23,67.6,97.7458,80.7938,61.2039,54.54,99.0264,142.7884,77.976,172.97,228.7898,119.9347,89.4467,29.2146,50.8987,62.3319,6.05,161.7757,17.48,61.8309,64.3775,152.0878,232.6787,61.29,99.48,89.0308,43.9274,82.89
2016-09-19,114.4045,206.34,109.5536,775.1,795.39,128.65,54.3823,73.0,75.99,88.65,99.68,106.2694,92.12,58.53,24.4,68.13,98.0606,81.227,61.5884,54.6929,99.1257,142.2636,77.5377,173.15,231.1831,120.1059,88.6673,29.4577,51.0227,63.1551,6.16,161.2939,16.95,61.1431,65.5514,152.2676,243.3923,60.0,98.06,89.0981,43.6307,82.77
2016-09-20,114.62,204.64,109.5439,780.22,799.78,128.64,54.2677,72.91,75.28,88.69,100.62,106.2597,92.06,58.34,24.5,68.79,98.8574,81.1974,61.2615,54.4158,98.3852,142.6197,77.4111,175.8,232.9564,120.6194,88.5037,29.5452,50.4885,62.5798,6.17,158.93200000000002,16.92,59.5183,67.1631,151.3402,238.6513,60.25,98.25,89.4059,43.6406,82.99
2016-09-21,115.7466,205.22,109.5247,789.74,805.03,129.94,55.1752,74.18,76.88,90.52,107.78,108.0247,93.22,58.98,24.66,71.69,99.6149,81.9259,61.7999,54.8744,98.3581,143.1165,77.48899999999999,178.45,234.3531,121.8367,89.7642,29.7202,50.7938,64.3355,6.29,160.4436,17.66,60.8441,67.9291,152.6178,243.9299,60.54,94.88,88.8673,44.1746,83.47
2016-09-22,116.6675,206.43,110.5567,804.7,815.95,130.08,55.2325,74.59,77.92,90.28,107.92,108.0052,93.21,59.66,25.08,72.35,100.461,82.0637,62.1364,55.2183,97.9156,143.5382,77.9371,179.34,239.3998,122.4454,89.1869,29.448,50.975,64.4942,6.37,159.5083,17.59,61.8907,68.4763,153.2803,246.3835,61.36,95.83,89.8484,44.0164,83.17
2016-09-23,115.92299999999999,207.45,108.7144,805.75,814.96,127.96,54.86,70.39,77.45,89.51,107.47,107.1666,92.3,59.38,24.81,71.67,100.0084,81.2565,61.3865,54.8266,96.1726,142.9571,77.5864,179.33,236.7398,121.5324,88.3113,28.8355,50.6698,64.4248,6.55,157.4394,17.48,58.6312,67.7898,151.9553,241.8575,61.87,95.94,89.7137,43.8681,84.26
2016-09-26,114.9531,208.99,108.8784,799.16,802.65,127.31,54.3537,70.19,76.75,88.32,107.26,106.2694,91.42,59.18,24.78,71.08,99.5166,80.5378,60.9731,54.1961,95.0708,141.7012,76.5638,178.47,235.7464,119.307,87.9552,28.5341,50.1547,63.8197,6.32,157.4772,17.36,57.6045,67.4217,147.4504,235.7872,61.89,94.56,88.4537,43.4923,83.5
2016-09-27,116.0895,205.81,109.081,816.11,810.73,128.69,55.3567,70.05,79.04,89.79,109.7,107.3713,91.84,59.62,25.15,71.9,99.8018,80.8824,61.7999,54.5209,95.4681,141.0077,76.6417,180.35,240.0631,120.6099,89.0137,28.816,50.7651,66.0019,6.54,161.4167,18.0,58.5614,68.3967,147.5072,238.6611,64.26,97.07,88.2228,43.7197,85.2
2016-09-28,116.2855,206.27,109.9105,828.72,810.06,129.23,55.4331,71.62,79.77,90.88,109.49,107.4396,91.94,59.91,25.32,72.65,99.8609,81.6798,61.7422,54.5018,96.01899999999999,140.033,77.1384,180.98,239.2564,121.9889,89.4274,28.9132,50.8892,66.24,6.59,161.2655,17.44,58.3023,67.4516,148.3684,238.0159,64.08,97.48,88.6845,43.6703,85.0
2016-09-29,115.4429,200.7,108.2032,829.05,802.64,128.09,54.8313,71.2,78.48,90.36,107.8,106.5912,91.0,59.08,25.22,71.59,98.9755,80.6461,60.925,53.5178,94.574,138.2335,76.6514,176.56,239.9964,121.6656,89.7065,28.7577,51.0227,66.855,6.67,162.9283,17.54,55.0826,65.1833,148.5861,236.6181,63.0,96.67,88.2998,43.7197,84.26
2016-09-30,116.305,204.03,109.0424,837.31,804.06,128.27,55.0223,71.33,79.15,91.69,108.54,107.2738,92.61,59.35,25.53,72.33,100.1166,81.414,61.5692,54.0241,94.3934,142.9384,77.2066,181.66,241.6098,122.3788,91.1305,29.3119,51.8335,67.9659,6.91,162.9849,17.78,55.3318,65.9493,148.4726,235.3668,63.18,98.55,89.3193,43.8087,85.4
2016-10-03,116.1385,213.7,108.5312,836.74,800.38,128.77,54.8504,70.52,79.57,91.18,108.45,106.445,91.87,58.91,25.41,71.18,100.2249,81.5715,61.3481,54.0815,93.98700000000001,141.5325,76.9436,182.23,239.3131,122.2076,91.0151,29.0882,51.4424,67.8965,6.95,160.6704,17.73,55.4514,65.8399,148.4442,239.3551,63.35,102.63,88.9634,43.611000000000004,85.41
2016-10-04,115.9622,211.41,108.9942,834.03,802.79,128.19,54.6785,72.63,79.28,90.49,108.39,106.6497,91.74,58.79,25.35,71.42,99.5756,81.4435,61.4442,53.9859,93.8606,141.0358,75.9891,181.22,238.8731,121.9223,91.24600000000001,28.7869,50.6125,67.7477,6.97,159.7067,17.8,52.5308,65.3226,148.2265,243.011,64.42,102.34,89.0596,43.6406,85.56
2016-10-05,116.3736,208.46,109.0424,844.36,801.23,128.47,55.0606,68.42,79.43,92.05,108.8,106.2402,92.38,59.65,25.47,73.21,100.9233,82.0539,62.1845,54.5496,93.978,140.5672,75.658,186.17,239.3664,121.3327,92.5353,29.1077,50.9464,67.6783,6.78,163.8919,17.7,52.2019,66.3771,148.5293,242.5516,65.87,106.28,88.925,44.0362,85.47
2016-10-06,116.3148,201.0,109.8526,841.66,803.08,128.74,55.1561,71.26,78.38,91.56,108.56,106.4652,92.11,59.83,25.49,72.83,101.4555,82.0637,59.8463,54.1388,94.0954,140.0892,75.6969,184.93,238.7298,123.8149,96.4034,29.0591,50.9655,66.7955,6.96,164.5626,17.73,52.4013,64.3277,147.9966,250.2251,64.84,105.07,89.2905,43.5022,84.58
2016-10-07,116.0601,196.61,110.0166,839.43,800.71,128.99,55.2134,70.91,78.52,91.04,108.64,105.1055,91.4,59.26,25.53,72.01,100.7755,81.5912,59.6724,53.8808,93.7612,140.5766,75.2672,184.49,239.3464,122.0269,96.5574,28.923000000000002,50.4504,66.3094,6.75,164.5815,17.61,52.3614,63.8203,148.2059,247.2632,64.0,104.82,88.9634,43.4329,83.81
2016-10-10,116.7949,200.95,111.936,841.71,814.17,130.24,55.4427,75.1,80.03,91.78,109.24,105.7902,91.57,60.56,26.25,72.21,101.1697,81.8275,59.8076,53.9382,94.0231,140.8484,75.1793,184.85,241.5364,121.0189,98.2893,28.5633,49.8017,66.5574,6.84,165.1106,17.5,53.0791,65.1833,147.2736,255.4646,64.6,103.33,88.9634,43.3044,84.74
2016-10-11,115.1295,200.1,112.1772,831.0,809.57,128.88,54.6307,72.42,78.8,88.29,107.37,104.6555,91.15,59.57,25.66,70.17,99.8885,80.7643,58.8028,53.0115,93.8606,141.5325,73.9193,138.99,236.7664,119.6874,95.8261,27.8438,48.638000000000005,65.5953,6.5,161.7096,16.86,50.2781,63.114,146.5696,248.4851,63.43,100.59,88.3575,42.4243,83.37
2016-10-12,115.0315,201.51,113.1803,834.09,811.77,129.05,54.5543,72.23,75.27,87.62,108.05,105.1838,91.86,59.76,25.75,70.33,99.8983,80.971,58.6386,53.0306,94.1676,141.0171,74.1244,136.18,236.9764,120.4863,94.9505,27.8438,47.77,65.8928,6.62,161.0482,16.78,49.3112,60.9551,146.113,255.5428,62.99,99.5,87.9246,42.8495,82.53
2016-10-13,114.62,200.24,112.8331,829.28,804.08,127.82,54.3728,70.63,75.39,87.15,108.01,104.4697,91.75,59.48,25.92,69.29,99.1986,80.5969,58.368,52.0753,93.8516,140.7921,73.5774,137.17,237.8131,120.1059,94.0364,27.0855,47.5983,64.8216,6.49,159.6028,16.85,49.6003,61.0248,145.8752,256.0902,62.24,100.23,87.6457,42.6814,81.76
2016-10-14,114.7572,196.51,113.46,822.96,804.6,127.88,54.8504,74.27,75.62,87.01,107.84,104.6555,91.15,59.75,25.99,69.46,99.4252,81.1679,58.1168,52.3714,95.2243,140.7265,74.0755,138.0,238.3031,120.2295,94.5079,27.2897,47.6841,65.4564,6.75,160.6892,17.13,49.062,59.2539,145.9417,255.4939,61.31,101.47,87.8188,43.2055,82.59
2016-10-17,114.4437,193.96,113.3829,812.95,806.84,127.54,54.6593,72.83,74.64,86.08,107.49,104.5479,90.97,59.75,25.95,68.85,99.3957,80.8726,57.8753,52.037,93.68,139.3675,73.9388,141.23,236.4798,119.0122,94.3539,27.0272,47.4075,65.0795,6.67,159.5461,16.99,49.1019,58.7665,145.7325,255.23,61.46,99.8,87.3667,43.0473,82.32
2016-10-18,115.4625,199.1,113.3057,817.65,821.49,128.57,55.0797,72.77,76.16,86.54,108.42,104.81200000000001,91.39,59.62,26.24,70.13,100.26299999999999,80.3114,58.0492,52.3619,94.0051,139.7518,74.5053,145.22,240.5764,119.5828,95.7106,27.2411,47.8177,66.0714,6.73,162.6543,17.41,50.0588,59.5822,147.7112,259.5995,63.19,118.79,87.6938,43.6901,84.01
2016-10-19,115.4527,203.56,112.9681,817.69,827.09,130.11,54.9555,72.82,78.92,87.3,108.39,105.8293,91.5,59.76,26.14,70.78,101.2486,81.5223,59.1796,52.8873,93.8606,140.0704,75.0523,146.72,227.1931,119.7255,95.9512,27.5327,47.3217,65.9325,6.77,162.3709,17.215,50.1884,58.5177,147.1404,257.9573,63.87,121.87,88.4248,43.3044,82.76
2016-10-20,115.3156,199.1,112.9102,810.32,821.63,130.0,54.688,72.59,78.85,88.07,109.03,105.5457,91.19,59.19,25.82,71.13,101.0712,81.2171,64.5227,53.0784,93.6077,140.6234,73.9388,142.83,227.2731,120.0678,93.2762,27.5911,47.7795,67.1823,6.96,163.8258,17.205,50.2681,59.5822,149.8707,258.5536,62.03,123.35,88.521,43.8285,82.52
2016-10-21,115.7466,200.09,112.4665,818.99,824.06,132.07,56.9902,74.0,80.06,88.48,109.03,106.0837,91.11,59.13,25.71,71.18,101.3668,81.0694,65.0831,52.8777,94.0051,139.6206,70.27600000000001,141.8,226.0064,120.4007,93.9209,27.6397,47.4838,66.9939,6.52,163.3628,16.94,49.4308,59.4231,150.3464,257.6054,62.96,127.5,89.4829,44.0461,82.87
2016-10-24,117.1378,202.76,113.4793,838.09,835.74,133.28,58.2702,75.06,81.0,88.54,110.81,107.23299999999999,92.38,59.45,25.74,72.22,101.7019,81.8767,64.8222,53.8904,93.5084,142.5729,70.3933,142.27,228.3331,121.5229,95.2391,28.3397,48.0085,70.1382,7.005,166.7922,17.06,50.5572,58.846000000000004,151.2882,261.1733,63.83,127.33,89.8099,44.9658,84.15
2016-10-25,116.7655,202.34,114.05799999999999,835.18,828.55,132.29,58.2606,75.06,79.79,87.71,109.03,105.9565,91.12,58.61,25.5,71.36,101.3964,80.7544,64.484,53.6325,93.3187,141.5138,69.6802,138.18,226.4998,117.3003,94.3732,28.0577,47.9894,71.2888,7.5,164.0525,17.54,49.5405,58.3685,148.6625,263.5389,63.53,126.51,89.2135,44.5603,82.94
2016-10-26,115.97200000000001,202.24,111.4923,822.59,822.1,131.04,57.9167,74.95,78.9,86.68,107.97,105.4674,91.1,58.56,25.52,70.66,101.7315,80.4788,64.542,54.349,92.8762,141.5044,69.4556,139.95,221.9064,116.7012,94.1711,28.048000000000002,47.9703,71.5765,7.29,163.4384,17.64,49.381,57.692,148.5198,259.7657,61.75,126.97,89.9253,43.9472,82.58
2016-10-27,115.4429,204.01,110.4217,818.36,817.35,129.69,57.4105,74.74,84.96,85.76,107.07,104.9686,90.79,58.33,25.36,70.58,102.10600000000001,80.6461,64.6676,54.1865,90.4197,141.392,69.0161,139.29,221.0764,116.2732,93.0453,28.0577,47.9989,70.1085,7.11,162.7204,17.53,49.5803,56.8364,147.6731,261.0462,61.85,126.47,90.4351,43.2352,82.72
2016-10-28,114.71799999999999,199.97,109.6886,776.32,819.56,131.29,57.1908,75.13,86.12,86.2,107.6,105.8098,91.4,58.37,25.38,71.86,105.3584,80.9415,64.2039,54.0432,90.2301,140.361,68.303,138.63,222.1831,117.5286,92.5738,27.8633,47.9417,69.9894,7.2,159.9901,17.2,49.6501,56.5479,149.043,259.013,64.34,126.57,90.2716,42.8396,79.45
2016-10-31,114.6102,197.73,109.515,789.82,809.9,130.99,57.2385,75.16,87.91,86.68,107.51,106.3673,91.35,59.31,25.58,72.28,105.4767,81.227,64.1749,53.81399999999999,90.4017,138.5896,68.9868,136.14,224.0264,116.0354,93.1993,28.2716,48.5235,70.5846,7.23,160.8687,17.16,51.5341,55.8615,151.6782,251.2124,64.48,124.87,89.1558,42.6913,78.52
2016-11-01,113.7481,190.79,107.5377,785.41,805.48,129.5,57.1239,75.45,86.89,84.96,106.87,105.0468,89.96,58.3,25.16,70.1,103.4464,80.3508,64.0106,53.8426,89.9862,137.4555,67.717,139.5,223.2398,114.0193,92.4199,28.0966,48.5522,68.4916,7.09,159.4705,16.98,51.4344,56.5479,149.9468,243.4314,63.47,123.3,88.8673,42.1276,77.84
2016-11-02,112.8371,188.02,107.6341,765.56,788.42,127.17,56.7704,75.0,84.59,83.1,105.89,103.8828,89.52,57.93,24.76,68.68,102.5003,79.327,63.2377,53.5161,91.3861,137.5118,66.8672,135.66,222.1898,114.3997,92.2274,27.7952,47.8081,68.204,6.76,163.0227,16.68,50.6369,55.1352,148.8147,237.4783,61.63,122.34,88.4056,42.1276,79.12
2016-11-03,111.73,187.42,106.4863,767.03,782.19,120.0,56.5603,74.14,83.88,83.0,107.17,103.2959,83.49,57.735,24.79,67.61,102.2834,79.3959,63.1217,53.8042,93.0297,135.8008,68.4691,134.39,224.4331,114.2951,91.6405,27.4841,48.3518,67.4105,6.7,163.429,16.62,51.7833,53.036,148.9955,237.9475,62.74,122.14,89.8099,42.888999999999996,80.52
2016-11-04,111.3382,190.56,105.5265,755.05,781.1,120.75,56.0827,74.37,83.21,82.77,106.2,102.9828,83.62,57.65,24.93,69.44,101.5442,79.1104,63.2956,53.8522,92.8852,133.7231,66.8184,134.63,223.8064,114.9893,91.4096,27.4355,47.8463,67.0236,6.56,162.6543,16.68,53.3283,54.588,148.1393,237.9573,63.64,122.03,88.925,41.2376,80.22
2016-11-07,113.9833,193.21,107.0487,784.93,802.03,122.15,57.7161,76.3,85.09,85.59,108.66,105.5457,85.77,59.03,25.44,72.0,104.432,81.227,64.7353,55.4562,94.6463,134.9452,66.7012,137.08,226.1431,117.6902,94.7869,28.5146,49.2194,70.6937,6.96,167.1795,17.375,55.1225,57.0453,151.1455,245.533,63.43,124.58,90.8295,40.6343,81.08
2016-11-08,114.7278,194.94,107.6789,787.75,811.98,124.22,57.7639,76.55,85.5,85.7,108.39,105.9859,86.94,59.22,25.46,72.69,104.1757,81.5912,64.8029,54.9952,95.3959,137.3426,66.8379,137.7,228.3764,118.1658,95.3738,28.6896,49.6419,70.5846,7.0,167.2173,17.41,55.8701,57.493,151.7353,243.3629,63.1,124.34,90.7814,40.5552,81.49
2016-11-09,115.2568,190.06,107.5044,771.88,805.59,123.18,57.4773,75.9,84.98,84.97,107.86,106.9738,88.33,59.02,25.06,72.63,104.6587,81.9456,66.4164,57.9053,101.1487,138.0006,67.3458,133.13,217.1531,119.8491,94.3058,28.3202,49.7859,69.3943,6.94,163.8352,17.2,55.6209,63.4522,147.5209,246.1977,52.63,122.19,91.0315,39.7048,79.44
2016-11-10,113.3955,185.35,104.5084,742.38,780.29,120.8,56.0731,73.63,82.14,82.08,104.08,106.8467,87.54,58.63,24.84,73.49,102.993,80.5969,67.7401,61.0844,105.7094,137.916,68.01,138.37,211.8398,122.7117,92.3429,27.3966,48.8545,67.222,6.295,158.6581,16.99,56.0695,65.4519,146.9216,223.4802,51.83,115.42,91.3393,38.2708,76.79
2016-11-11,113.4444,188.56,105.1289,739.01,771.75,119.02,56.3788,74.59,82.63,82.74,103.68,108.9497,88.9,59.63,25.33,73.81,103.1113,80.6068,68.117,62.016000000000005,103.2981,140.4168,69.4947,137.71,207.2531,123.4915,93.8055,28.0188,49.5842,87.2587,6.685,158.2802,17.67,62.6483,65.8698,148.5864,229.2964,51.01,114.78,93.9556,38.973,77.45
2016-11-14,112.2982,181.45,102.4918,719.07,753.22,115.08,55.5191,72.76,83.27,80.52,102.42,107.6096,90.61,59.82,25.51,73.55,99.6815,77.1612,69.9721,64.0618,104.5986,142.8987,71.1356,136.38,208.1998,121.4183,94.7869,28.1841,50.7269,82.9637,6.79,154.72799999999998,17.71,62.0004,67.7799,147.7873,213.011,48.8,113.38,94.1864,37.3511,76.38
2016-11-15,113.8559,183.77,103.8491,743.24,775.16,117.2,56.6081,74.02,85.62,81.41,103.66,108.4802,91.26,60.07,25.44,75.15,101.0022,77.3482,70.0204,63.7064,104.8244,142.0996,70.1491,136.8,213.5165,118.3084,97.2983,28.7869,51.7831,85.493,6.97,157.2504,18.1,60.3556,67.3621,148.3486,222.9719,50.02,113.59,93.9748,38.1027,77.62
2016-11-16,114.5319,183.93,106.6415,746.49,779.98,116.34,57.3581,73.31,85.67,80.92,104.08,108.4411,92.88,60.77,25.85,77.57,102.5003,78.9972,69.2571,62.6691,103.9393,143.0303,70.6667,134.87,214.4531,119.1929,97.4137,29.1855,51.4182,90.8891,7.67,158.5542,18.24,58.3621,65.1734,149.6899,224.9563,50.4,115.19,95.3407,38.5378,78.83
2016-11-17,115.3646,188.66,106.6027,756.4,786.16,117.79,58.31,75.19,86.83,83.14,105.81,111.3169,93.53,61.49,26.48,78.46,102.9438,79.9738,69.3537,63.3991,104.3096,142.1466,71.917,134.09,218.1998,122.6166,99.87700000000001,29.8757,51.1205,91.6429,8.46,157.8078,19.18,57.6394,66.1384,150.099,231.5056,50.97,115.03,95.5811,39.4971,79.62
2016-11-18,114.9335,185.02,106.7093,760.16,775.97,117.02,58.0312,77.77,85.75,82.75,105.02,113.4494,93.36,61.11,26.4,76.9,103.26899999999999,79.7272,68.6001,63.62,102.8917,141.3569,71.4481,131.87,218.2964,122.046,100.7526,29.8854,50.8709,92.6051,8.71,158.8659,19.21,57.9135,65.6409,148.2249,225.62099999999998,50.79,115.21,94.4942,37.9643,78.99
2016-11-21,116.1287,184.52,108.3285,780.0,784.8,121.77,58.5216,76.15,86.55,83.85,105.65,113.1461,93.77,61.31,26.86,75.52,104.4123,80.5854,69.1218,63.9945,103.1627,142.1184,71.4091,137.55,220.6964,121.9414,102.2248,30.4785,51.0149,92.2281,8.94,163.0416,19.49,57.7142,66.01899999999999,153.0005,228.8957,51.68,117.96,93.9075,38.0038,78.26
2016-11-22,116.4814,191.17,108.3963,785.33,785.0,121.47,58.7716,75.57,86.23,83.15,105.21,113.8896,93.88,61.3,26.77,75.21,104.4024,78.8492,69.2957,64.5036,101.4106,143.5286,71.1551,134.75,213.4031,124.5662,102.677,30.8868,51.2262,92.8927,8.69,167.2362,19.74,57.465,64.2979,156.0257,227.3683,51.34,118.04,93.9844,36.7578,77.75
2016-11-23,116.0112,193.14,107.8437,780.12,779.0,120.84,58.0793,73.95,87.05,83.13,104.21,113.2929,94.01,61.08,26.49,75.15,103.0522,78.4941,70.4165,65.5793,101.6815,142.5226,72.0244,134.43,215.0931,124.7849,102.9079,31.0916,51.0053,93.34899999999999,8.8,167.2929,19.91,57.1161,65.4022,156.606,227.1329,50.79,117.69,94.5134,36.8468,79.35
2016-11-25,116.3834,196.65,108.3867,780.37,780.23,120.38,58.2043,73.73,87.74,83.64,105.02,113.5374,94.48,61.56,26.76,75.83,104.2053,79.0465,70.3972,65.7041,101.9073,142.7859,72.4346,135.19,218.8364,125.1273,103.4756,31.0916,51.2646,93.5377,8.77,166.9812,20.13,57.2158,66.0588,157.9284,222.7291,51.17,117.41,95.0521,36.8072,79.17
2016-11-28,116.1189,196.12,108.1733,766.77,785.79,120.41,58.2812,72.93,84.82,83.18,104.5,113.1853,93.75,61.3,26.52,75.18,101.8695,78.0107,69.6919,65.0702,101.0403,142.1936,71.2626,136.18,215.8965,124.2429,102.7347,31.0526,51.1686,93.4881,8.83,164.9972,19.99,55.3717,64.0193,155.8925,227.3291,50.18,116.93,95.1964,36.9556,78.73
2016-11-29,116.5206,189.57,108.0667,762.52,789.44,120.87,58.7428,72.93,83.42,84.05,104.95,113.6254,94.53,61.17,26.59,75.26,102.3228,78.0798,69.0735,64.9454,101.7538,142.4098,71.5556,136.53,216.7698,123.929,103.5045,31.3647,51.8599,92.6338,8.93,165.753,19.42,53.5775,64.2382,154.1231,225.6225,49.3,117.51,95.8697,37.5292,81.37
2016-11-30,115.1099,189.4,107.1553,750.57,775.88,118.42,57.9446,72.0,83.15,84.32,102.81,111.1996,94.03,60.48,26.28,72.61,100.7262,76.2745,69.6049,65.0895,101.9705,141.1219,71.2137,133.14,214.5798,123.7187,102.0131,31.4037,51.8311,91.5907,8.91,161.0671,19.53,54.4746,62.348,150.6888,219.7965,48.28,117.0,95.3407,36.204,79.24
2016-12-01,113.1212,181.88,106.1567,743.65,764.33,115.1,56.9254,68.46,77.09,81.6,99.51,110.8963,93.61,56.84,25.18,69.22,98.7353,74.4101,70.0783,65.368,103.7858,142.6543,70.7644,127.72,210.7765,123.7856,94.8543,29.3556,51.2646,87.0608,8.39,153.7927,18.48,53.8267,60.8258,148.0251,213.6371,47.16,117.22,95.1675,35.1854,75.58
2016-12-02,113.3465,181.47,106.5542,740.34,764.46,115.4,56.9735,68.41,76.56,71.4,99.73,110.7887,93.27,57.11,25.32,70.57,99.6421,74.6961,69.431,64.5996,104.436,142.9833,71.2332,127.9,212.2131,124.16799999999999,96.6921,30.6625,52.0615,87.8655,8.53,155.1437,18.79,53.6273,61.4924,150.2322,216.3539,46.46,120.81,94.7443,35.314,75.86
2016-12-05,114.2282,186.8,105.7882,759.36,778.22,117.43,57.9062,70.8,79.87,73.68,101.95,112.3832,93.84,57.42,25.53,71.18,102.0567,76.2646,69.5952,64.7821,106.4861,142.6825,71.2528,127.92,212.3165,123.9864,98.5299,30.7503,52.2056,91.2728,8.68,156.9481,18.61,55.1225,62.8852,152.9054,221.8268,47.98,119.16,96.1486,36.0755,77.45
2016-12-06,114.5025,185.85,106.6027,764.72,776.18,117.31,57.6466,70.62,79.61,73.5,101.55,112.031,94.09,58.0,25.59,76.32,100.5291,76.0673,69.8658,65.6753,107.5608,141.968,71.5556,126.4,207.1965,123.0876,99.1553,30.8283,52.3688,92.7728,9.45,155.6538,19.06,55.5212,64.0492,153.9709,218.3744,48.17,124.57,96.8219,36.293,76.87
2016-12-07,115.9524,193.15,107.6498,770.42,791.47,117.95,59.012,71.78,79.98,72.7,103.36,114.0656,95.31,58.92,25.96,80.34,103.7322,78.2376,71.7788,68.7872,109.6831,144.6379,73.0207,122.02,206.3365,126.6443,102.523,31.706,53.0985,94.4417,9.56,159.2344,20.44,55.7704,61.4725,154.808,218.8746,47.6,125.39,98.1012,37.0347,77.95
2016-12-08,116.1581,192.29,108.7066,767.33,795.17,118.91,58.6658,71.86,80.11,71.81,103.5,115.1025,95.69,59.31,26.18,81.74,103.3084,78.208,72.3779,69.2002,110.9901,148.154,73.7728,123.48,206.4865,126.7112,103.1004,31.9011,53.425,92.8622,10.34,161.275,20.66,58.7608,61.7809,153.0861,220.8852,48.06,123.24,100.1885,36.9754,77.78
2016-12-09,117.0692,192.18,110.4809,768.66,809.45,119.68,59.5889,71.17,79.4,70.65,104.31,114.4276,95.36,58.9,25.95,81.11,102.9043,78.0699,72.2426,69.9397,111.3985,150.1376,73.7728,123.2,208.4031,127.5335,100.156,31.55,53.6843,91.2132,10.34,169.1918,20.5,61.6515,61.5819,159.812,219.2571,49.23,122.88,101.6228,36.382,78.75
2016-12-12,116.5402,192.43,109.8507,760.12,807.9,117.77,59.7813,70.38,77.88,70.02,105.16,113.4983,94.71,59.92,25.85,78.37,101.7906,77.4385,71.0928,68.8448,111.2624,150.7299,74.5834,124.0,211.2465,128.6712,100.1464,31.2087,53.6362,88.9979,10.68,168.3132,20.02,58.0132,60.6666,157.9188,214.3825,48.71,122.83,100.8475,36.7578,80.62
2016-12-13,118.0097,198.15,111.6831,774.34,815.34,120.31,60.5601,71.61,79.39,70.56,106.15,115.2199,94.92,60.28,25.83,79.67,101.8301,78.1291,71.3441,68.9985,112.0247,150.2034,74.6323,126.7,211.9898,130.5452,100.5619,31.2379,54.2316,90.5675,10.54,169.5225,20.13,59.1097,60.597,155.4264,216.2264,49.03,123.78,100.64399999999999,36.9061,80.76
2016-12-14,117.7647,198.69,111.6831,768.82,817.89,120.21,60.2717,71.33,78.95,68.92,105.81,115.1025,94.46,59.96,25.66,76.83,101.7906,78.06,71.5663,68.4126,110.3729,149.4701,73.0109,125.45,212.1965,130.0098,100.9292,31.3452,54.4716,95.8126,10.55,168.7667,20.02,57.3653,60.586999999999996,155.6357,213.3135,47.62,123.44,100.8378,36.3326,80.7
2016-12-15,117.9509,197.58,112.294,761.0,815.65,120.57,60.1755,70.23,79.43,69.41,105.1,115.2101,94.55,60.37,25.53,78.92,102.8452,78.425,72.4069,69.6036,111.0264,150.5231,73.1965,132.0,212.9998,129.8759,102.5527,32.2424,57.7843,98.0577,10.86,171.0376,20.29,58.9601,61.6217,152.6105,209.2334,47.38,125.0,101.1673,36.5798,81.51
2016-12-16,117.5149,202.49,112.4394,757.77,809.84,119.87,59.9063,69.86,77.86,69.0,103.55,114.7504,95.11,60.11,25.54,76.48,101.9385,77.2906,72.4648,68.8544,111.3259,150.8051,72.9621,131.01,213.7965,129.178,100.9388,31.706,56.1327,99.7464,10.66,169.5268,20.27,56.9167,61.6499,153.7711,208.9587,47.37,124.22,100.7021,36.0656,79.51
2016-12-19,117.9963,202.73,113.089,766.0,812.5,119.24,61.1755,69.51,77.5,69.13,105.29,115.572,95.31,60.37,25.69,75.7,102.0469,77.0439,72.0301,69.325,111.09899999999999,153.6725,73.1183,129.65,212.6365,129.4935,103.3934,31.6378,56.2768,100.9584,10.95,171.4651,20.35,59.1097,60.7144,153.7616,212.6073,46.45,125.45,102.0492,36.2238,79.5
2016-12-20,118.4483,208.79,113.3896,771.22,815.2,119.09,61.0986,69.86,78.3,68.66,105.77,115.8068,95.9,60.42,25.92,76.01,103.0325,77.3004,72.5228,70.2855,111.1081,154.0485,73.3528,128.05,211.3365,131.0902,103.2581,31.8036,57.573,104.475,11.51,172.9949,20.65,58.9103,61.4309,153.1432,212.7348,48.79,125.12,102.2043,36.4216,79.5
2016-12-21,118.3599,207.7,113.4962,770.6,812.2,119.04,61.0986,70.11,77.25,67.9,105.51,115.1221,94.65,60.1,25.78,75.63,102.6678,77.0834,72.774,70.0069,109.9917,153.2776,72.8351,127.82,210.0965,130.8225,102.9006,31.7743,57.8419,105.1306,11.47,173.2039,20.58,57.8138,60.1671,153.2764,218.8354,46.28,126.5,102.3012,36.4908,79.66
2016-12-22,118.0258,208.45,112.7497,766.34,809.68,117.4,61.1082,69.9,74.55,66.55,104.72,114.3591,92.47,59.41,25.52,74.58,102.8058,76.8467,72.059,69.5555,109.5379,152.3657,72.4835,126.77,212.5265,129.4839,104.0699,32.1937,57.7939,106.4022,11.6,171.5982,23.19,56.8669,59.1819,155.3027,212.93099999999998,46.39,125.58,102.1655,36.0359,79.79
2016-12-23,118.1044,213.34,112.9727,760.59,807.8,117.27,60.8101,69.87,76.02,67.47,105.02,114.3689,92.8,59.76,25.76,76.0,103.2,77.0933,72.4359,69.7668,109.066,152.3751,72.4053,128.75,213.5831,129.1206,104.4275,32.0864,58.1491,109.0545,11.58,172.8714,23.26,57.763999999999996,61.2319,155.3408,219.3748,46.54,125.59,101.9038,36.0952,80.67
2016-12-27,118.7136,219.53,113.6901,771.4,809.93,118.01,60.8486,69.85,76.88,68.1,104.98,114.3493,93.14,59.85,25.88,75.98,103.2887,77.2906,72.4455,69.9397,108.8514,152.3469,72.21,128.94,213.1698,129.3214,105.3649,32.5058,58.8021,116.5447,12.07,173.2229,23.3,60.7294,60.6547,155.8379,219.6886,47.29,128.35,101.9232,36.1249,81.08
2016-12-28,117.79,219.74,113.2053,772.13,804.57,116.92,60.5698,69.09,75.22,66.93,103.77,112.9407,92.57,59.22,25.39,75.02,102.1849,77.2412,71.8561,69.0657,108.1705,151.3692,71.0086,127.93,211.8498,129.1397,103.9539,32.0864,58.2164,108.52799999999999,11.55,171.2086,22.78,57.3154,59.8387,154.7289,219.62,46.85,125.89,101.0801,36.025999999999996,80.38
2016-12-29,117.62299999999999,214.68,113.1763,765.15,802.88,116.35,60.4832,69.15,74.94,67.04,103.68,112.4125,92.66,59.42,25.52,74.98,102.2736,77.2708,71.4213,69.0081,107.8253,151.482,71.3212,128.72,212.1831,129.1684,103.5481,31.8523,58.321999999999996,110.6936,11.59,170.9045,22.27,56.3685,59.371,154.9679,218.7177,46.95,125.33,101.3321,36.0755,80.16
2016-12-30,116.4144,213.69,112.294,749.87,792.45,115.05,59.7524,68.46,74.34,66.09,102.95,112.1093,92.49,58.86,25.22,74.01,101.7611,76.965,71.5759,69.2386,107.6014,150.5231,71.8486,128.04,211.3898,128.1932,102.1758,31.471999999999998,57.9667,106.0346,11.34,167.9591,21.92,56.1193,58.9032,154.2222,211.2048,46.37,123.8,101.0025,35.7096,78.76
