Date,SPY,FB,GOOGL,AMZN,V,NVDA,CTRP,TRIP,CMCM,RWLK,XLF
2012-12-31,142.41,26.62,354.04,250.87,37.9,12.26,5.66,41.92,,,16.39
2013-01-02,146.06,28.0,361.99,257.31,38.84,12.72,5.79,44.16,,,16.86
2013-01-03,145.73,27.77,362.2,258.48,38.88,12.73,5.84,43.91,,,16.85
2013-01-04,146.37,28.76,369.35,259.15,39.19,13.15,5.9,44.12,,,17.05
2013-01-07,145.97,29.42,367.74,268.46,39.47,12.77,5.92,45.12,,,17.01
2013-01-08,145.55,29.06,367.02,266.38,39.84,12.49,5.84,44.72,,,16.96
2013-01-09,145.92,30.59,369.43,266.35,40.45,12.21,5.89,44.33,,,16.94
2013-01-10,147.08,31.3,371.11,265.34,40.13,12.23,5.98,43.49,,,17.15
2013-01-11,147.07,31.72,370.36,267.94,40.29,12.21,6.07,43.98,,,17.11
2013-01-14,146.97,30.95,361.99,272.73,40.16,12.2,6.07,44.15,,,17.06
2013-01-15,147.07,30.1,362.83,271.9,40.11,11.98,6.14,44.15,,,17.13
2013-01-16,147.05,29.85,357.95,268.93,40.05,12.09,6.08,43.97,,,17.14
2013-01-17,148.0,30.14,356.02,270.48,39.97,12.25,6.0,44.09,,,17.13
2013-01-18,148.33,29.66,352.61,272.12,39.57,12.17,6.12,43.68,,,17.15
2013-01-22,149.13,30.73,351.79,270.19,39.76,12.11,5.97,44.32,,,17.31
2013-01-23,149.37,30.82,371.12,268.11,39.76,12.13,5.9,44.84,,,17.3
2013-01-24,149.41,31.08,377.29,273.62,39.89,12.19,5.68,44.82,,,17.39
2013-01-25,150.25,31.54,377.21,283.99,39.96,12.41,4.91,45.96,,,17.47
2013-01-28,150.07,32.47,375.74,276.04,39.09,12.61,4.96,46.5,,,17.4
2013-01-29,150.66,30.79,377.22,260.35,39.16,12.34,5.02,45.9,,,17.47
2013-01-30,150.07,31.24,377.29,272.76,38.75,12.32,5.0,45.52,,,17.39
2013-01-31,149.7,30.98,378.22,265.5,39.48,12.26,4.95,46.28,,,17.38
2013-02-01,151.24,29.73,388.2,265.0,39.64,12.37,5.11,46.3,,,17.61
2013-02-04,149.54,28.11,379.89,259.98,39.16,12.16,5.1,45.64,,,17.41
2013-02-05,151.05,28.64,383.25,266.89,39.88,12.44,5.2,46.84,,,17.58
2013-02-06,151.16,29.05,385.47,262.22,40.2,12.34,5.42,47.0,,,17.61
2013-02-07,150.96,28.65,387.36,260.23,39.26,12.29,5.34,46.85,,,17.56
2013-02-08,151.8,28.54,393.08,261.95,39.45,12.37,5.37,47.02,,,17.6
2013-02-11,151.77,28.26,391.6,257.21,39.08,12.51,5.3,46.23,,,17.68
2013-02-12,152.02,27.37,390.74,258.7,39.2,12.43,5.26,46.66,,,17.82
2013-02-13,152.15,27.91,391.82,269.47,38.69,12.37,5.27,46.9,,,17.78
2013-02-14,152.29,28.5,394.3,269.24,39.0,12.73,5.32,43.55,,,17.84
2013-02-15,152.11,28.32,396.84,265.09,39.5,12.73,5.25,44.42,,,17.76
2013-02-19,153.25,28.93,403.83,269.75,39.4,12.56,5.14,43.52,,,17.93
2013-02-20,151.34,28.46,396.63,266.41,38.86,12.38,5.0,42.76,,,17.66
2013-02-21,150.42,27.28,398.16,265.94,39.36,12.29,4.96,42.94,,,17.52
2013-02-22,151.89,27.13,400.25,265.42,39.86,12.52,4.81,43.85,,,17.74
2013-02-25,149.0,27.27,395.78,259.87,38.97,12.3,4.86,43.64,,,17.26
2013-02-26,150.02,27.39,395.46,259.36,39.46,12.37,4.84,43.73,,,17.35
2013-02-27,151.91,26.87,400.29,263.25,39.97,12.6,4.91,45.27,,,17.62
2013-02-28,151.61,27.25,401.0,264.27,39.66,12.66,4.82,45.54,,,17.59
2013-03-01,152.11,27.78,403.5,265.74,39.52,12.71,4.89,45.62,,,17.64
2013-03-04,152.92,27.72,411.16,273.11,39.88,12.66,4.82,45.51,,,17.79
2013-03-05,154.29,27.52,419.72,275.59,40.07,12.8,4.88,47.68,,,17.94
2013-03-06,154.5,27.45,416.11,273.79,40.26,12.79,5.01,48.63,,,18.06
2013-03-07,154.78,28.58,416.71,273.88,40.13,12.76,5.06,50.59,,,18.19
2013-03-08,155.44,27.96,416.18,274.19,40.17,12.82,5.12,51.03,,,18.24
2013-03-11,156.03,28.14,417.83,271.24,40.3,12.7,5.1,51.4,,,18.38
2013-03-12,155.68,27.83,414.22,274.13,39.95,12.74,5.02,51.15,,,18.28
2013-03-13,155.9,27.08,413.07,275.1,39.84,12.74,4.99,52.39,,,18.33
2013-03-14,156.73,27.04,411.18,265.74,40.16,12.75,5.01,52.59,,,18.45
2013-03-15,155.83,26.64,407.56,261.82,39.64,12.64,5.0,52.4,,,18.44
2013-03-18,154.97,26.49,404.3,257.89,39.52,12.55,4.95,52.43,,,18.27
2013-03-19,154.61,26.55,406.07,256.41,39.0,12.47,4.95,52.3,,,18.16
2013-03-20,155.69,25.86,407.76,257.28,39.83,12.62,5.12,53.24,,,18.29
2013-03-21,154.36,25.74,406.04,253.39,39.45,12.42,5.12,51.75,,,18.07
2013-03-22,155.6,25.73,405.56,257.75,40.02,12.48,5.12,52.5,,,18.18
2013-03-25,154.95,25.13,405.22,256.02,41.0,12.41,5.36,52.24,,,18.13
2013-03-26,156.19,25.2,406.62,260.31,41.86,12.5,5.42,52.44,,,18.24
2013-03-27,156.19,26.09,401.73,265.3,42.16,12.65,5.54,52.2,,,18.16
2013-03-28,156.67,25.58,397.49,266.49,42.46,12.83,5.34,52.52,,,18.21
2013-04-01,156.05,25.53,401.0,261.61,41.84,12.41,5.3,51.7,,,18.12
2013-04-02,156.82,25.42,406.93,263.32,41.99,12.28,5.2,50.51,,,18.22
2013-04-03,155.23,26.25,403.5,259.03,41.19,12.13,4.98,49.11,,,17.92
2013-04-04,155.86,27.07,397.93,259.08,41.62,12.24,5.08,49.52,,,18.08
2013-04-05,155.16,27.39,391.92,255.48,41.29,12.46,5.03,48.88,,,18.03
2013-04-08,156.21,26.85,387.81,258.95,41.57,12.43,5.26,48.68,,,18.21
2013-04-09,156.75,26.59,389.21,261.14,41.19,12.63,5.35,48.29,,,18.26
2013-04-10,158.67,27.57,395.49,264.77,41.75,12.83,5.53,50.07,,,18.5
2013-04-11,159.19,28.02,395.59,269.85,41.9,12.77,5.5,51.89,,,18.55
2013-04-12,158.8,27.4,395.42,272.87,41.44,13.09,5.45,52.49,,,18.47
2013-04-15,155.12,26.52,391.36,267.72,40.32,12.82,5.19,51.56,,,18.08
2013-04-16,157.41,26.92,397.08,272.34,41.18,12.96,5.16,52.94,,,18.36
2013-04-17,155.11,26.62,391.67,267.4,40.56,12.78,5.18,52.17,,,18.02
2013-04-18,154.14,25.69,383.34,259.42,40.35,12.54,5.1,51.35,,,17.83
2013-04-19,155.48,25.73,400.33,260.32,40.99,12.57,5.2,51.09,,,18.08
2013-04-22,156.17,25.97,400.46,263.55,40.88,12.59,5.29,51.09,,,18.1
2013-04-23,157.78,25.98,404.35,268.9,41.42,12.92,5.37,52.3,,,18.42
2013-04-24,157.88,26.11,407.13,268.78,41.76,13.36,5.56,51.34,,,18.54
2013-04-25,158.52,26.14,404.95,274.7,42.19,13.47,5.58,53.01,,,18.65
2013-04-26,158.24,26.85,401.11,254.81,41.81,13.41,5.56,53.72,,,18.56
2013-04-29,159.3,26.98,409.94,249.74,41.98,13.57,5.46,53.07,,,18.65
2013-04-30,159.68,27.77,412.7,253.81,42.12,13.77,5.5,52.58,,,18.7
2013-05-01,158.28,27.43,410.63,248.23,41.5,13.65,5.44,52.11,,,18.49
2013-05-02,159.75,28.97,415.22,252.55,43.85,13.81,5.56,53.51,,,18.65
2013-05-03,161.37,28.31,423.28,258.05,44.88,13.87,5.65,55.3,,,18.85
2013-05-06,161.78,27.57,431.21,255.72,44.72,13.83,5.81,55.17,,,19.05
2013-05-07,162.6,26.89,429.04,257.73,44.95,13.65,5.88,55.01,,,19.15
2013-05-08,163.34,27.12,437.25,258.68,44.82,13.9,5.95,52.49,,,19.3
2013-05-09,162.88,27.04,436.18,260.16,44.64,13.91,7.48,51.99,,,19.17
2013-05-10,163.41,26.68,440.56,263.63,44.69,14.54,7.34,53.84,,,19.25
2013-05-13,163.54,26.82,439.2,264.51,44.73,14.24,7.23,54.79,,,19.31
2013-05-14,165.23,27.07,443.99,268.33,45.08,14.45,7.2,58.01,,,19.64
2013-05-15,166.12,26.6,458.4,266.56,45.44,14.7,7.43,59.36,,,19.82
2013-05-16,165.34,26.13,452.39,264.12,44.95,14.63,7.67,59.03,,,19.69
2013-05-17,166.94,26.25,455.04,269.9,46.14,14.87,7.6,59.88,,,19.95
2013-05-20,166.93,25.76,454.72,267.63,45.4,14.84,7.98,62.63,,,19.99
2013-05-21,167.17,25.66,453.94,268.86,45.39,14.92,7.86,62.34,,,20.04
2013-05-22,165.93,25.16,445.15,262.96,45.04,14.4,7.81,61.51,,,19.83
2013-05-23,165.45,25.06,441.84,261.8,44.52,14.63,7.92,62.06,,,19.71
2013-05-24,165.31,24.31,437.1,261.74,45.11,14.54,7.88,61.69,,,19.73
2013-05-28,166.3,24.1,441.08,267.29,45.01,14.53,7.91,64.3,,,19.93
2013-05-29,165.22,23.32,434.59,265.53,44.54,14.44,7.95,63.56,,,19.93
2013-05-30,165.83,24.55,435.82,266.83,45.26,14.63,7.99,63.99,,,20.17
2013-05-31,163.44,24.35,436.04,269.2,44.54,14.47,7.79,64.49,,,19.84
2013-06-03,164.35,23.85,434.25,266.88,45.05,14.45,7.59,62.06,,,19.86
2013-06-04,163.56,23.52,429.98,265.7,45.05,14.47,7.88,62.19,,,19.68
2013-06-05,161.27,22.9,430.28,267.17,44.3,14.16,7.74,61.52,,,19.36
2013-06-06,162.73,22.97,432.75,267.83,44.84,14.25,8.23,62.03,,,19.63
2013-06-07,164.8,23.29,440.3,276.87,44.98,14.44,8.47,64.05,,,19.97
2013-06-10,164.8,24.33,445.56,281.07,45.58,14.44,8.47,64.31,,,19.98
2013-06-11,163.1,24.03,440.34,274.78,44.92,14.17,8.27,63.86,,,19.65
2013-06-12,161.75,23.77,436.43,271.67,44.79,14.05,8.32,63.18,,,19.44
2013-06-13,164.21,23.73,438.94,275.79,45.56,14.37,8.42,64.51,,,19.8
2013-06-14,163.18,23.63,437.96,273.99,45.23,14.35,8.48,63.75,,,19.55
2013-06-17,164.44,24.02,443.57,278.06,45.59,14.49,8.72,64.36,,,19.74
2013-06-18,165.74,24.21,450.76,281.76,46.0,14.4,8.74,63.85,,,19.86
2013-06-19,163.45,24.31,450.79,278.16,45.66,14.84,8.64,63.77,,,19.6
2013-06-20,159.4,23.9,442.81,273.44,44.62,14.44,8.1,61.52,,,19.18
2013-06-21,159.07,24.53,440.91,273.36,44.88,14.42,7.84,60.28,,,19.12
2013-06-24,157.06,23.94,435.33,270.61,44.57,14.12,7.49,60.68,,,18.78
2013-06-25,158.58,24.25,433.53,272.09,45.12,14.22,7.81,61.53,,,19.12
2013-06-26,160.14,24.16,437.26,277.57,45.66,14.14,7.96,61.91,,,19.32
2013-06-27,161.08,24.66,438.97,277.55,46.06,14.01,8.18,60.84,,,19.57
2013-06-28,160.42,24.88,440.62,277.69,45.69,14.04,8.16,60.87,,,19.44
2013-07-01,161.36,24.81,444.38,282.1,46.3,14.1,8.26,61.07,,,19.51
2013-07-02,161.21,24.41,441.6,283.73,46.31,14.09,8.18,60.23,,,19.53
2013-07-03,161.28,24.52,443.66,284.03,46.76,14.13,7.98,60.79,,,19.47
2013-07-05,163.02,24.37,447.19,285.88,47.7,14.24,8.04,61.7,,,19.82
2013-07-08,163.94,24.71,453.0,290.59,47.02,14.16,8.02,63.16,,,19.96
2013-07-09,165.13,25.48,453.07,291.53,46.8,14.24,7.95,62.74,,,20.14
2013-07-10,165.19,25.8,453.45,292.33,46.68,14.43,8.46,61.93,,,20.02
2013-07-11,167.44,25.81,460.58,299.66,47.49,14.63,8.57,60.44,,,20.21
2013-07-12,167.51,25.91,461.96,307.55,47.68,14.64,8.41,61.05,,,20.35
2013-07-15,168.16,26.28,462.81,306.57,47.56,14.61,8.48,60.45,,,20.44
2013-07-16,167.52,26.32,460.26,306.87,47.34,14.69,8.46,60.62,,,20.36
2013-07-17,167.95,26.65,459.73,308.69,47.41,14.61,8.69,61.09,,,20.44
2013-07-18,168.87,26.18,455.8,304.11,47.75,14.55,8.9,62.27,,,20.72
2013-07-19,169.17,25.88,448.75,305.23,47.48,14.24,8.73,60.62,,,20.73
2013-07-22,169.5,26.04,455.81,303.48,47.8,14.23,8.66,60.65,,,20.87
2013-07-23,169.14,26.13,452.35,301.06,47.14,14.21,8.66,60.66,,,20.79
2013-07-24,168.52,26.51,451.9,298.94,46.69,14.21,8.64,61.14,,,20.64
2013-07-25,168.93,34.36,444.29,303.4,48.65,14.26,9.04,71.1,,,20.66
2013-07-26,169.11,34.01,443.12,312.01,48.3,14.2,9.0,73.95,,,20.64
2013-07-29,168.59,35.43,441.58,306.1,47.99,14.17,8.82,73.29,,,20.49
2013-07-30,168.59,37.63,445.91,302.41,47.86,14.41,9.13,73.27,,,20.48
2013-07-31,168.71,36.8,444.32,301.22,44.25,14.44,9.15,75.02,,,20.49
2013-08-01,170.66,37.49,452.56,305.57,44.79,14.64,10.93,75.89,,,20.82
2013-08-02,170.95,38.05,453.74,304.21,46.0,14.76,10.82,75.79,,,20.81
2013-08-05,170.7,39.19,452.95,300.99,46.14,14.83,10.64,78.01,,,20.76
2013-08-06,169.73,38.55,448.73,300.75,45.72,14.61,10.68,79.28,,,20.58
2013-08-07,169.18,38.87,445.77,296.91,45.35,14.6,10.6,77.99,,,20.44
2013-08-08,169.8,38.54,446.78,295.74,45.2,14.7,10.62,79.71,,,20.49
2013-08-09,169.31,38.5,445.65,297.26,44.95,14.49,10.57,80.94,,,20.42
2013-08-12,169.11,38.22,443.2,296.69,44.94,14.37,10.81,81.26,,,20.34
2013-08-13,169.61,37.02,441.07,293.97,44.81,14.42,11.28,80.96,,,20.44
2013-08-14,168.74,36.65,435.34,291.34,44.59,15.03,11.27,73.55,,,20.36
2013-08-15,166.38,36.56,430.26,286.47,43.48,15.12,11.25,70.52,,,20.06
2013-08-16,165.83,37.08,428.88,284.82,43.28,15.19,11.51,70.99,,,20.02
2013-08-19,164.77,37.81,433.26,285.57,43.74,14.95,11.49,69.26,,,19.76
2013-08-20,165.58,38.41,433.14,287.09,43.3,14.95,11.56,69.81,,,19.95
2013-08-21,164.56,38.32,435.1,284.57,44.6,14.88,11.34,70.2,,,19.81
2013-08-22,166.06,38.55,437.29,289.73,44.73,14.96,11.5,71.21,,,20.04
2013-08-23,166.62,40.55,435.54,290.01,44.78,14.96,11.8,71.87,,,20.06
2013-08-26,166.0,41.34,433.63,286.21,43.75,15.0,11.83,72.25,,,19.94
2013-08-27,163.33,39.64,425.5,280.93,43.54,14.8,11.63,71.08,,,19.45
2013-08-28,163.91,40.55,424.7,281.58,43.8,14.8,11.77,72.52,,,19.48
2013-08-29,164.17,41.28,428.14,283.98,43.84,14.77,11.72,74.18,,,19.53
2013-08-30,163.65,41.29,423.87,280.98,43.6,14.75,11.5,73.97,,,19.44
2013-09-03,164.39,41.87,430.62,288.8,44.26,14.76,11.62,73.82,,,19.6
2013-09-04,165.75,41.78,436.25,293.64,44.05,14.9,11.83,74.74,,,19.76
2013-09-05,165.96,42.66,440.22,294.1,44.05,14.94,11.79,74.67,,,19.8
2013-09-06,166.04,43.95,440.23,295.86,44.17,14.88,11.76,74.11,,,19.8
2013-09-09,167.63,44.04,444.47,299.71,44.64,15.12,11.78,74.5,,,20.03
2013-09-10,168.87,43.6,444.78,300.36,46.15,15.45,12.33,72.62,,,20.26
2013-09-11,169.4,45.04,448.54,299.64,46.58,15.71,12.59,73.79,,,20.29
2013-09-12,168.95,44.75,446.98,298.86,46.26,15.7,12.38,74.49,,,20.14
2013-09-13,169.33,44.31,444.98,297.92,47.25,15.8,12.12,72.82,,,20.2
2013-09-16,170.31,42.51,444.32,296.06,47.34,15.81,12.25,72.6,,,20.42
2013-09-17,171.07,45.07,443.5,304.17,47.9,15.86,12.26,72.93,,,20.52
2013-09-18,173.05,45.23,452.11,312.03,48.41,16.0,12.57,73.92,,,20.7
2013-09-19,172.76,45.98,449.64,312.06,48.68,15.92,12.64,74.27,,,20.62
2013-09-20,170.72,47.49,452.01,316.34,49.71,15.8,12.54,75.12,,,20.42
2013-09-23,169.93,47.19,443.69,311.49,49.06,15.64,12.76,74.3,,,20.14
2013-09-24,169.53,48.45,443.86,314.13,48.34,15.7,12.84,75.3,,,20.01
2013-09-25,169.04,49.46,439.05,312.65,47.89,15.72,13.89,74.78,,,20.12
2013-09-26,169.69,50.39,439.52,318.12,48.39,15.67,14.17,75.3,,,20.12
2013-09-27,168.91,51.24,438.63,316.01,48.26,15.58,14.23,75.85,,,20.04
2013-09-30,168.01,50.23,438.39,312.64,47.78,15.56,14.59,75.84,,,19.9
2013-10-01,169.34,50.42,443.95,320.95,48.3,15.55,14.93,78.5,,,20.04
2013-10-02,169.18,50.28,444.44,320.51,47.96,15.54,14.98,79.66,,,20.04
2013-10-03,167.62,49.18,438.48,314.76,47.16,15.38,14.5,78.66,,,19.89
2013-10-04,168.89,51.04,436.61,319.04,47.62,15.59,14.56,78.41,,,20.05
2013-10-07,167.43,50.52,433.3,310.03,46.58,15.59,13.98,75.85,,,19.82
2013-10-08,165.48,47.14,427.26,303.23,45.63,15.46,13.41,71.7,,,19.57
2013-10-09,165.6,46.77,428.36,298.23,45.96,15.22,13.78,70.67,,,19.64
2013-10-10,169.17,49.05,434.55,305.17,47.26,15.38,13.75,72.27,,,20.2
2013-10-11,170.26,49.11,436.43,310.89,48.0,15.26,14.05,74.01,,,20.31
2013-10-14,170.94,49.51,438.49,310.7,48.36,15.49,14.09,75.01,,,20.41
2013-10-15,169.7,49.5,441.45,306.4,47.84,15.41,14.18,73.87,,,20.26
2013-10-16,172.07,51.14,449.46,310.49,48.91,15.6,14.27,75.0,,,20.68
2013-10-17,173.22,52.21,444.84,310.77,49.57,15.63,14.57,72.74,,,20.87
2013-10-18,174.39,54.22,506.21,328.93,50.11,15.81,14.9,71.87,,,20.91
2013-10-21,174.4,53.85,502.15,326.44,50.01,15.85,14.55,74.11,,,20.87
2013-10-22,175.41,52.68,504.0,332.54,50.0,15.77,14.24,75.5,,,20.91
2013-10-23,174.57,51.9,516.22,326.76,49.72,15.5,14.01,75.21,,,20.74
2013-10-24,175.15,52.44,513.29,332.21,50.73,15.38,14.08,74.85,,,20.77
2013-10-25,175.95,51.95,508.11,363.39,50.76,15.24,13.93,76.98,,,20.86
2013-10-28,176.23,50.23,508.01,358.16,50.77,15.21,13.94,77.79,,,20.81
2013-10-29,177.17,49.4,518.64,362.7,51.06,15.23,14.36,82.26,,,20.87
2013-10-30,176.29,49.01,515.73,361.08,50.96,15.22,13.72,80.22,,,20.78
2013-10-31,175.79,50.2,515.81,364.03,49.17,15.19,13.56,82.72,,,20.56
2013-11-01,176.21,49.75,514.03,359.0,49.79,15.26,13.73,83.38,,,20.62
2013-11-04,176.83,48.22,513.57,358.74,49.1,14.82,14.53,88.22,,,20.63
2013-11-05,176.27,50.1,511.27,358.89,49.34,14.8,14.8,88.07,,,20.52
2013-11-06,177.17,49.12,511.89,356.18,49.76,14.9,13.27,86.61,,,20.62
2013-11-07,174.93,47.56,504.48,343.56,49.02,14.54,12.55,83.88,,,20.38
2013-11-08,177.29,47.53,508.52,350.31,49.57,15.56,12.86,84.48,,,20.86
2013-11-11,177.32,46.2,505.8,354.38,49.82,15.69,12.82,85.02,,,20.86
2013-11-12,176.96,46.6,506.4,349.53,49.57,15.72,12.5,84.9,,,20.67
2013-11-13,178.38,48.71,516.75,356.22,49.94,16.15,12.98,87.49,,,20.84
2013-11-14,179.27,48.99,518.13,367.4,50.04,16.22,12.99,89.18,,,21.03
2013-11-15,180.05,49.01,517.3,369.17,50.5,16.17,13.48,87.77,,,21.13
2013-11-18,179.42,45.83,516.29,366.18,49.98,15.78,12.89,87.42,,,21.12
2013-11-19,179.03,46.36,513.12,364.94,49.35,15.44,12.21,87.51,,,21.15
2013-11-20,178.47,46.43,511.67,362.57,49.53,15.21,12.04,87.13,,,21.08
2013-11-21,179.91,46.7,517.55,368.92,50.4,15.33,11.7,87.27,,,21.39
2013-11-22,180.81,46.23,516.46,372.31,50.53,15.18,11.5,87.4,,,21.49
2013-11-25,180.63,44.82,523.49,376.64,50.48,15.51,11.28,86.61,,,21.52
2013-11-26,180.68,45.89,529.73,381.37,50.88,15.64,11.69,87.38,,,21.5
2013-11-27,181.12,46.49,532.09,386.71,51.0,15.7,11.84,88.31,,,21.56
2013-11-29,181.0,47.01,530.32,393.62,50.86,15.6,11.94,88.32,,,21.48
2013-12-02,180.53,47.06,527.77,392.3,51.28,15.75,11.82,87.54,,,21.47
2013-12-03,179.75,46.73,527.16,384.66,50.44,15.74,11.87,85.92,,,21.25
2013-12-04,179.73,48.62,529.62,385.96,50.68,15.96,11.86,85.13,,,21.3
2013-12-05,178.94,48.34,529.2,384.49,50.43,15.7,11.88,85.54,,,21.1
2013-12-06,180.94,47.94,535.47,386.95,50.47,15.47,11.85,85.61,,,21.39
2013-12-09,181.4,48.84,539.61,384.89,50.4,15.2,11.68,84.77,,,21.48
2013-12-10,180.75,50.24,542.87,387.78,49.86,15.56,12.3,84.98,,,21.4
2013-12-11,178.72,49.38,539.18,382.19,51.42,15.41,11.71,82.79,,,21.11
2013-12-12,178.13,51.83,535.51,381.25,50.86,15.11,11.51,82.6,,,21.11
2013-12-13,178.11,53.32,530.92,384.24,51.84,15.02,11.84,81.38,,,21.13
2013-12-16,179.22,53.81,537.03,388.97,51.94,15.04,11.88,81.89,,,21.26
2013-12-17,178.65,54.86,535.46,387.65,53.31,15.11,11.98,80.9,,,21.12
2013-12-18,181.7,55.57,542.92,395.96,53.84,15.32,12.1,81.41,,,21.61
2013-12-19,181.49,55.05,543.65,395.19,54.02,15.38,11.92,82.02,,,21.58
2013-12-20,181.56,55.12,550.86,402.2,53.99,15.68,12.17,83.13,,,21.6
2013-12-23,182.53,57.77,558.11,402.92,54.51,15.78,12.66,83.4,,,21.71
2013-12-24,182.93,57.96,556.48,399.2,54.68,15.82,12.74,82.82,,,21.75
2013-12-26,183.86,57.73,559.29,404.39,55.05,15.67,12.58,83.47,,,21.8
2013-12-27,183.84,55.44,559.76,398.08,54.92,15.76,13.14,81.64,,,21.79
2013-12-30,183.82,53.71,555.28,393.37,55.23,15.97,12.8,81.67,,,21.75
2013-12-31,184.69,54.65,560.92,398.79,55.67,16.02,12.4,82.83,,,21.86
2014-01-02,182.92,54.71,557.12,397.97,55.25,15.86,12.35,80.48,,,21.74
2014-01-03,182.88,54.56,553.05,396.44,55.29,15.67,11.38,80.92,,,21.89
2014-01-06,182.36,57.2,559.22,393.63,54.96,15.88,11.11,80.38,,,21.91
2014-01-07,183.48,57.92,570.0,398.03,55.38,16.14,11.5,84.91,,,21.92
2014-01-08,183.52,58.23,571.19,401.92,55.56,16.36,11.13,85.15,,,21.99
2014-01-09,183.64,57.22,565.69,401.01,55.48,15.75,10.12,85.17,,,22.07
2014-01-10,184.14,57.94,565.66,397.66,55.28,15.73,9.74,86.8,,,22.03
2014-01-13,181.68,55.91,562.05,390.98,54.72,15.36,9.78,84.45,,,21.7
2014-01-14,183.67,57.74,575.27,397.54,55.66,15.84,10.02,84.31,,,21.88
2014-01-15,184.66,57.6,574.88,395.87,55.94,16.01,10.08,84.34,,,22.14
2014-01-16,184.42,57.19,578.69,395.8,55.44,16.06,10.29,84.76,,,22.0
2014-01-17,183.64,56.3,575.84,399.61,58.04,15.99,10.14,83.9,,,21.93
2014-01-21,184.18,58.51,582.43,407.05,57.98,16.05,10.48,81.5,,,21.95
2014-01-22,184.3,57.51,583.09,404.54,58.25,16.03,10.76,82.47,,,21.96
2014-01-23,182.79,56.63,580.63,399.87,57.06,15.97,10.29,81.34,,,21.6
2014-01-24,178.89,54.45,562.48,387.6,55.31,15.56,9.9,80.36,,,21.11
2014-01-27,178.01,53.55,551.17,386.28,54.06,15.46,9.46,77.91,,,20.98
2014-01-28,179.07,55.14,562.07,394.43,55.24,15.61,10.06,77.77,,,21.26
2014-01-29,177.35,53.53,554.01,384.2,54.28,15.46,9.78,76.67,,,21.01
2014-01-30,179.23,61.08,568.26,403.01,55.22,15.72,9.9,77.79,,,21.31
2014-01-31,178.18,62.57,591.08,358.69,53.86,15.7,9.88,77.19,,,21.06
2014-02-03,174.17,61.48,567.28,346.15,53.37,15.49,9.29,73.91,,,20.53
2014-02-04,175.38,62.75,569.65,347.95,53.64,15.58,9.77,76.37,,,20.73
2014-02-05,175.17,62.19,572.17,346.45,53.9,15.44,9.66,76.16,,,20.71
2014-02-06,177.48,62.16,580.56,354.59,54.75,15.64,9.67,77.14,,,21.03
2014-02-07,179.68,64.32,589.31,361.08,55.44,15.87,9.88,84.45,,,21.29
2014-02-10,180.01,63.55,587.05,360.87,55.14,15.92,10.18,84.05,,,21.31
2014-02-11,181.98,64.85,595.69,361.79,55.58,16.25,10.4,84.2,,,21.53
2014-02-12,182.07,64.45,593.94,349.25,56.04,16.83,10.43,90.27,,,21.53
2014-02-13,183.01,67.33,600.55,357.2,56.01,17.36,11.5,92.3,,,21.61
2014-02-14,184.02,67.09,602.0,357.35,56.5,17.91,11.46,91.25,,,21.64
2014-02-18,184.24,67.3,606.05,353.65,56.52,17.9,12.78,93.35,,,21.68
2014-02-19,183.02,68.06,601.77,347.38,55.97,18.14,12.18,93.76,,,21.38
2014-02-20,184.1,69.63,602.66,349.8,55.86,18.78,12.42,96.8,,,21.44
2014-02-21,183.89,68.59,602.5,346.76,55.84,18.64,12.32,96.92,,,21.48
2014-02-24,184.91,70.78,606.86,351.78,56.55,18.91,12.52,98.26,,,21.64
2014-02-25,184.84,69.85,610.61,358.32,56.78,18.74,12.51,101.04,,,21.51
2014-02-26,184.85,69.26,610.7,359.8,56.53,18.71,13.05,100.18,,,21.48
2014-02-27,185.82,68.94,610.22,360.13,56.57,18.5,13.94,99.72,,,21.59
2014-02-28,186.29,68.46,608.43,362.1,56.48,18.38,13.5,100.24,,,21.7
2014-03-03,184.98,67.41,601.95,359.78,55.36,18.29,13.32,100.55,,,21.53
2014-03-04,187.58,68.8,608.06,363.9,56.38,18.48,13.28,106.89,,,21.97
2014-03-05,187.75,71.57,609.74,372.37,55.7,18.64,13.25,107.3,,,22.2
2014-03-06,188.18,70.84,610.42,372.16,55.96,18.38,13.44,108.38,,,22.27
2014-03-07,188.26,69.8,608.0,372.06,56.39,18.36,13.15,108.06,,,22.37
2014-03-10,188.16,72.03,606.39,370.53,56.38,18.09,12.43,107.54,,,22.38
2014-03-11,187.23,70.1,600.6,368.82,56.8,18.27,12.39,104.73,,,22.23
2014-03-12,187.28,70.88,604.25,370.64,56.52,18.32,12.84,106.69,,,22.19
2014-03-13,185.18,68.83,595.12,371.51,55.2,17.74,12.34,103.21,,,21.94
2014-03-14,184.66,67.72,586.99,373.74,55.19,17.82,12.52,102.95,,,21.8
2014-03-17,186.33,68.74,596.65,375.04,55.94,17.82,12.44,104.53,,,22.03
2014-03-18,187.66,69.19,606.24,378.77,56.6,18.24,12.8,105.2,,,22.14
2014-03-19,186.66,68.24,600.22,373.23,55.96,18.56,12.51,103.76,,,22.13
2014-03-20,187.75,66.97,599.18,368.97,55.46,18.57,12.37,103.36,,,22.48
2014-03-21,186.2,67.24,592.11,360.62,55.84,18.54,12.37,101.51,,,22.4
2014-03-24,185.43,64.1,579.54,351.85,55.19,18.45,11.95,97.58,,,22.39
2014-03-25,186.31,64.89,579.94,354.71,54.6,18.45,11.99,96.48,,,22.37
2014-03-26,184.97,60.38,566.55,343.41,53.92,18.03,11.94,92.71,,,22.14
2014-03-27,184.58,60.97,557.7,338.47,53.94,17.79,11.75,89.95,,,22.02
2014-03-28,185.49,60.01,560.64,338.29,53.02,17.9,12.09,90.05,,,22.11
2014-03-31,187.01,60.24,557.81,336.36,53.96,17.91,12.6,90.59,,,22.34
2014-04-01,188.25,62.62,568.01,342.99,53.68,18.65,12.85,95.55,,,22.38
2014-04-02,188.88,62.72,568.12,341.96,53.66,18.53,13.04,95.16,,,22.43
2014-04-03,188.63,59.49,571.5,333.62,53.75,18.73,13.22,91.3,,,22.39
2014-04-04,186.4,56.75,545.25,323.0,51.92,18.15,12.5,85.69,,,22.17
2014-04-07,184.34,56.95,540.63,317.76,50.85,18.21,12.56,83.36,,,21.83
2014-04-08,185.1,58.19,557.51,327.07,50.65,18.86,13.87,86.07,,,21.86
2014-04-09,187.09,62.41,567.04,331.8,51.88,18.84,13.96,88.11,,,22.05
2014-04-10,183.16,59.16,546.69,317.11,50.39,18.38,13.51,81.9,,,21.54
2014-04-11,181.51,58.53,537.76,311.73,49.16,18.12,13.46,78.99,,,21.28
2014-04-14,182.94,58.89,545.2,315.91,50.25,18.32,13.59,79.77,,,21.45
2014-04-15,184.2,59.09,548.7,316.08,51.01,18.45,12.71,83.3,,,21.65
2014-04-16,186.12,59.72,563.9,323.68,52.34,18.49,12.97,84.8,,,21.82
2014-04-17,186.39,58.94,543.34,324.91,51.99,18.56,12.96,85.68,,,21.86
2014-04-21,187.04,61.24,539.37,330.87,52.28,18.71,13.02,84.8,,,21.84
2014-04-22,187.89,63.03,545.5,329.32,52.49,18.87,13.06,85.77,,,21.99
2014-04-23,187.45,61.36,537.51,324.58,52.2,19.09,12.56,83.28,,,22.04
2014-04-24,187.83,60.87,534.44,337.15,52.35,19.26,12.15,83.48,,,22.03
2014-04-25,186.29,57.71,523.1,303.83,49.73,18.73,11.37,77.39,,,21.85
2014-04-28,186.88,56.14,522.98,296.58,50.36,18.65,11.26,77.28,,,21.72
2014-04-29,187.75,58.15,536.33,300.38,50.67,18.69,11.61,80.83,,,21.93
2014-04-30,188.31,59.78,534.88,304.13,50.65,18.47,11.68,80.74,,,21.96
2014-05-01,188.32,61.15,538.53,307.89,51.52,18.57,11.88,83.5,,,22.0
2014-05-02,188.06,60.46,533.87,308.01,51.1,18.43,11.94,82.6,,,21.99
2014-05-05,188.42,61.22,535.33,310.05,51.78,18.63,12.08,84.71,,,21.9
2014-05-06,186.78,58.53,522.57,297.38,51.34,18.25,12.1,81.37,,,21.59
2014-05-07,187.88,57.39,518.0,292.71,52.18,18.28,11.42,83.99,,,21.88
2014-05-08,187.68,56.76,520.17,288.32,52.72,18.5,11.32,83.22,14.1,,21.94
2014-05-09,187.96,57.24,526.62,292.24,52.7,18.05,12.37,84.58,14.26,,21.93
2014-05-12,189.78,59.83,538.43,302.86,52.92,18.58,12.76,89.51,14.5,,22.15
2014-05-13,189.96,59.83,541.54,304.64,53.02,18.28,12.52,86.09,12.51,,22.13
2014-05-14,189.06,59.23,534.41,297.62,52.46,18.1,12.8,84.19,13.71,,21.97
2014-05-15,187.4,57.92,529.12,295.19,51.86,18.0,12.81,83.61,13.66,,21.72
2014-05-16,188.05,58.02,528.3,297.7,52.45,17.96,13.02,82.16,13.49,,21.74
2014-05-19,188.74,59.21,538.83,296.76,52.59,18.54,13.48,86.41,13.0,,21.86
2014-05-20,187.55,58.56,540.39,301.19,51.98,18.24,13.75,85.87,13.42,,21.73
2014-05-21,189.13,60.49,549.7,305.01,52.52,18.24,13.79,88.16,13.64,,21.87
2014-05-22,189.59,60.52,555.45,304.91,52.34,18.32,13.85,91.01,14.89,,21.97
2014-05-23,190.35,61.35,563.8,312.24,53.02,18.49,14.0,94.42,14.76,,22.04
2014-05-27,191.52,63.48,574.87,310.82,53.62,18.82,14.09,95.42,15.01,,22.23
2014-05-28,191.38,63.51,570.45,310.16,53.45,18.98,13.71,95.19,15.35,,22.19
2014-05-29,192.37,63.83,570.56,313.78,53.67,18.95,13.82,98.2,16.63,,22.24
2014-05-30,192.68,63.3,571.65,312.55,53.71,19.0,13.86,97.17,17.77,,22.29
2014-06-02,192.9,63.08,564.34,308.84,53.38,18.94,14.08,97.77,17.3,,22.35
2014-06-03,192.8,62.87,554.51,307.19,52.83,18.86,14.25,98.0,14.54,,22.38
2014-06-04,193.19,63.34,553.76,306.78,52.86,18.88,14.26,99.35,15.5,,22.44
2014-06-05,194.45,63.19,564.93,323.57,53.06,18.96,14.26,103.03,16.19,,22.65
2014-06-06,195.38,62.5,566.03,329.67,53.25,19.03,14.36,104.05,19.75,,22.8
2014-06-09,195.58,62.88,570.73,327.5,53.14,19.05,14.29,103.7,19.23,,22.9
2014-06-10,195.6,65.77,568.3,332.41,53.56,19.15,14.74,102.68,20.52,,22.89
2014-06-11,194.92,65.78,567.5,335.2,53.17,19.4,14.76,103.52,20.63,,22.74
2014-06-12,193.54,64.29,559.5,325.91,52.94,19.52,14.48,101.72,21.34,,22.6
2014-06-13,194.13,64.5,560.35,326.27,52.82,19.54,14.31,101.98,21.98,,22.61
2014-06-16,194.29,64.19,552.3,327.62,52.56,19.48,15.02,103.97,21.17,,22.5
2014-06-17,194.83,64.4,550.62,325.62,52.7,19.61,15.23,104.57,23.64,,22.73
2014-06-18,196.26,65.6,560.66,334.38,52.81,19.59,15.42,105.24,24.53,,22.86
2014-06-19,196.48,64.34,564.99,327.0,52.58,19.14,15.08,102.98,23.08,,22.83
2014-06-20,195.94,64.5,566.52,324.2,52.37,18.93,14.93,103.53,21.8,,22.83
2014-06-23,195.88,65.37,574.29,327.24,52.37,18.71,14.77,103.87,23.27,,22.88
2014-06-24,194.7,65.72,572.54,324.16,51.95,18.42,14.42,104.68,21.75,,22.73
2014-06-25,195.58,67.44,585.93,327.44,52.26,18.61,14.81,108.5,21.92,,22.75
2014-06-26,195.44,67.13,584.77,325.69,52.24,18.36,15.42,107.87,22.18,,22.67
2014-06-27,195.82,67.6,585.69,324.57,52.32,18.38,15.2,110.21,21.24,,22.76
2014-06-30,195.72,67.29,584.67,324.78,52.68,18.54,16.01,108.66,21.24,,22.74
2014-07-01,197.03,68.06,591.49,332.39,53.56,18.75,16.3,109.01,21.28,,22.88
2014-07-02,197.23,66.45,590.78,332.85,53.71,18.68,16.11,108.12,20.92,,22.86
2014-07-03,198.2,66.29,593.08,337.49,54.13,18.85,16.23,109.18,20.92,,23.04
2014-07-07,197.51,65.29,590.76,333.55,54.18,18.7,15.96,107.41,20.32,,22.94
2014-07-08,196.24,62.76,578.4,323.81,53.82,18.55,15.29,101.45,18.82,,22.74
2014-07-09,197.12,64.97,583.36,329.97,54.04,19.11,15.46,103.52,18.84,,22.8
2014-07-10,196.34,64.87,580.04,327.92,53.88,19.0,15.25,103.35,19.44,,22.65
2014-07-11,196.61,66.34,586.65,346.2,54.25,19.05,15.05,104.78,21.0,,22.69
2014-07-14,197.6,67.9,594.26,355.32,55.26,19.29,15.34,104.05,20.21,,22.83
2014-07-15,197.23,67.16,593.06,354.44,55.44,19.37,15.1,102.68,20.66,,22.99
2014-07-16,197.96,67.66,590.62,355.9,55.67,19.35,15.08,101.96,20.84,,22.95
2014-07-17,195.71,66.41,580.82,352.45,54.47,19.3,14.7,101.15,19.97,,22.65
2014-07-18,197.71,68.42,605.11,358.66,55.05,18.44,14.82,104.17,19.42,,22.91
2014-07-21,197.34,69.4,598.44,359.76,54.8,18.55,15.26,103.14,19.17,,22.85
2014-07-22,198.2,69.27,603.57,360.84,55.32,18.47,15.48,104.17,19.99,,22.92
2014-07-23,198.64,71.29,605.19,358.14,55.3,18.08,15.55,107.36,20.2,,22.97
2014-07-24,198.65,74.98,603.01,358.61,55.68,18.11,15.56,101.79,20.32,,23.02
2014-07-25,197.72,75.19,598.08,324.01,53.69,17.79,16.75,99.88,20.63,,22.89
2014-07-28,197.8,74.92,599.02,320.41,53.56,17.72,16.68,99.3,19.61,,22.9
2014-07-29,196.95,73.71,593.95,320.0,53.38,17.78,16.22,99.21,19.58,,22.78
2014-07-30,196.98,74.68,595.44,322.51,53.52,18.08,16.08,100.02,18.88,,22.88
2014-07-31,193.09,72.65,579.55,312.99,52.75,17.5,16.01,94.84,19.15,,22.41
2014-08-01,192.5,72.36,573.6,307.06,52.95,17.69,15.67,93.87,20.66,,22.22
2014-08-04,193.89,73.51,582.27,313.65,53.04,17.65,16.1,94.79,20.5,,22.4
2014-08-05,192.01,72.69,573.14,312.32,52.64,17.66,15.38,94.07,20.14,,22.17
2014-08-06,192.07,72.47,574.49,313.89,52.67,17.64,15.11,94.03,22.04,,22.26
2014-08-07,191.03,73.17,571.81,311.45,52.26,17.46,16.5,94.45,24.84,,22.16
2014-08-08,193.24,73.06,577.94,316.8,52.62,19.0,16.43,95.29,24.02,,22.38
2014-08-11,193.8,73.44,577.25,318.33,52.64,18.9,16.91,95.63,26.75,,22.4
2014-08-12,193.53,72.83,572.12,319.32,52.58,18.9,16.8,94.75,26.88,,22.45
2014-08-13,194.84,73.77,584.56,326.28,52.86,19.01,16.73,96.84,26.89,,22.55
2014-08-14,195.76,74.3,584.65,333.21,53.13,18.8,16.6,96.97,26.01,,22.69
2014-08-15,195.72,73.63,583.71,333.63,52.55,19.04,16.48,97.1,28.39,,22.58
2014-08-18,197.36,74.59,592.7,334.53,53.58,19.3,16.47,97.96,26.9,,22.83
2014-08-19,198.39,75.29,597.11,335.13,53.75,19.37,16.51,97.37,26.66,,22.87
2014-08-20,198.92,74.81,595.41,335.78,54.05,19.25,16.51,98.15,26.79,,22.93
2014-08-21,199.5,74.57,592.42,332.91,53.94,19.07,16.36,97.9,26.1,,23.2
2014-08-22,199.19,74.57,592.54,331.59,54.02,19.08,16.24,101.99,27.0,,23.12
2014-08-25,200.2,75.02,590.57,334.02,54.0,19.11,16.15,103.79,27.07,,23.32
2014-08-26,200.33,75.96,588.12,341.83,54.18,19.46,16.22,104.51,29.39,,23.37
2014-08-27,200.25,74.63,583.0,343.18,54.28,19.23,16.08,101.78,28.76,,23.32
2014-08-28,200.14,73.86,580.32,340.02,53.65,19.39,16.01,99.37,28.0,,23.25
2014-08-29,200.71,74.82,582.36,339.04,53.13,19.45,16.04,99.09,26.37,,23.36
2014-09-02,200.61,76.68,588.63,342.38,53.68,19.5,16.98,99.44,27.9,,23.45
2014-09-03,200.5,75.83,589.52,339.0,53.72,19.68,16.71,98.28,26.56,,23.41
2014-09-04,200.21,75.95,593.14,345.95,53.56,20.03,17.13,98.29,26.51,,23.43
2014-09-05,201.11,77.26,597.78,346.38,53.55,19.97,17.18,98.26,26.9,,23.46
2014-09-08,200.59,77.89,601.63,342.34,53.94,19.79,17.03,99.23,30.34,,23.47
2014-09-09,199.32,76.67,591.97,329.75,53.57,19.54,16.56,96.37,27.28,,23.23
2014-09-10,200.07,77.43,593.42,331.33,54.22,19.61,16.41,98.03,26.81,,23.35
2014-09-11,200.3,77.92,591.11,330.52,53.74,19.41,16.28,98.5,26.99,,23.41
2014-09-12,199.13,77.48,584.9,331.19,53.51,19.12,16.01,99.32,26.56,25.6,23.39
2014-09-15,198.98,74.58,581.64,323.89,53.66,18.86,15.24,95.22,24.1,37.15,23.38
2014-09-16,200.48,76.08,588.78,327.76,54.32,19.14,15.51,95.8,24.23,36.95,23.48
2014-09-17,200.75,76.43,593.29,324.0,53.88,19.15,15.38,96.01,24.75,33.7,23.58
2014-09-18,201.82,77.0,597.27,325.0,54.11,19.44,15.31,97.95,24.42,28.25,23.81
2014-09-19,200.7,77.91,605.4,331.32,54.06,19.08,15.16,98.37,24.59,27.78,23.65
2014-09-22,199.15,76.8,597.27,324.5,53.47,18.89,14.99,94.29,23.4,31.72,23.49
2014-09-23,198.01,78.29,591.18,323.63,53.12,18.81,14.94,92.95,20.23,31.1,23.33
2014-09-24,199.56,78.54,598.42,328.21,53.6,18.92,15.02,94.33,21.7,30.15,23.46
2014-09-25,196.34,77.22,585.25,321.93,52.68,18.51,14.83,91.19,20.71,30.49,23.07
2014-09-26,197.9,78.79,587.9,323.21,52.98,18.54,14.81,92.15,20.03,31.0,23.29
2014-09-29,197.54,79.0,587.81,321.82,52.73,18.52,14.3,90.8,18.74,33.1,23.21
2014-09-30,197.02,79.04,588.41,322.44,53.34,18.45,14.19,91.42,18.25,34.15,23.17
2014-10-01,194.35,76.55,579.63,317.46,52.5,18.27,13.98,89.49,17.77,32.7,22.89
2014-10-02,194.38,77.08,580.88,318.41,52.43,18.19,13.77,88.39,18.51,31.65,22.95
2014-10-03,196.52,77.44,586.25,322.74,53.0,18.23,13.9,88.63,18.0,30.93,23.28
2014-10-06,196.29,77.56,587.78,322.2,52.95,18.12,14.01,88.92,17.66,29.2,23.21
2014-10-07,193.26,76.29,574.1,316.98,52.01,17.92,13.76,86.96,17.97,28.9,22.82
2014-10-08,196.64,77.52,583.74,322.7,53.09,18.26,14.25,88.54,18.39,29.85,23.25
2014-10-09,192.74,75.91,570.81,315.37,51.93,17.91,13.75,85.91,17.01,30.27,22.76
2014-10-10,190.54,72.91,555.19,311.39,51.24,16.84,13.44,82.59,16.61,29.0,22.58
2014-10-13,187.41,72.99,544.75,306.45,51.07,16.78,12.84,79.64,16.85,25.61,22.38
2014-10-14,187.7,73.59,548.69,308.31,50.68,17.18,13.11,78.97,16.66,25.48,22.47
2014-10-15,186.43,73.21,540.73,305.97,50.06,17.44,13.52,78.89,17.49,24.9,22.04
2014-10-16,186.27,72.63,536.92,302.86,50.75,17.45,13.44,79.52,18.34,27.98,22.04
2014-10-17,188.47,75.95,522.97,303.64,51.5,17.42,13.62,81.05,19.02,28.77,22.32
2014-10-20,190.3,76.95,532.38,306.21,51.96,17.57,13.82,83.54,18.41,28.89,22.45
2014-10-21,194.07,78.69,538.03,315.33,53.33,18.32,14.34,88.08,18.42,28.1,22.87
2014-10-22,192.69,78.37,542.69,312.97,52.73,17.89,14.22,85.92,17.58,26.87,22.66
2014-10-23,194.93,80.04,553.65,313.18,53.57,18.28,14.25,87.63,17.95,26.41,22.88
2014-10-24,196.43,80.67,548.9,287.06,53.37,18.48,14.28,88.25,16.68,25.92,23.1
2014-10-27,196.16,80.28,549.88,289.97,53.35,18.49,13.87,86.93,16.69,29.1,23.13
2014-10-28,198.41,80.77,558.94,295.59,54.18,18.93,14.09,88.82,17.79,29.25,23.38
2014-10-29,198.11,75.86,558.45,294.12,53.66,18.8,14.03,87.38,18.85,28.85,23.44
2014-10-30,199.38,74.11,560.27,299.07,59.16,18.69,14.33,86.31,20.11,30.44,23.57
2014-10-31,201.66,74.99,567.87,305.46,60.36,19.54,14.58,88.66,19.82,30.65,23.84
2014-11-03,201.77,73.88,563.77,305.72,60.38,19.87,14.57,85.21,19.16,30.18,23.93
2014-11-04,201.07,75.76,564.19,302.81,60.74,20.13,14.42,83.79,20.29,30.32,23.94
2014-11-05,202.34,74.83,555.95,296.52,62.38,20.13,13.68,71.95,19.24,30.0,24.1
2014-11-06,203.15,75.26,551.69,296.64,62.52,20.22,13.58,74.0,20.09,29.98,24.14
2014-11-07,203.34,75.6,551.82,299.86,63.11,19.79,13.58,73.65,20.2,30.02,24.15
2014-11-10,203.98,75.0,558.23,305.11,62.55,20.02,14.11,72.89,20.56,30.15,24.28
2014-11-11,204.18,74.61,561.29,312.01,62.43,19.78,14.1,69.99,18.02,29.59,24.2
2014-11-12,203.96,74.72,558.25,311.51,62.99,19.64,14.18,70.38,18.67,29.22,24.15
2014-11-13,204.19,74.25,556.44,316.48,62.73,19.55,14.54,69.02,18.49,28.1,24.14
2014-11-14,204.24,74.88,555.19,327.82,62.21,19.78,14.85,69.91,19.39,27.9,24.06
2014-11-17,204.37,74.24,546.64,323.05,62.45,19.7,14.79,68.53,19.5,27.15,24.06
2014-11-18,205.55,74.34,544.51,324.93,62.43,20.17,14.89,70.21,19.08,27.36,24.14
2014-11-19,205.22,73.33,547.2,326.54,62.46,20.01,14.64,71.4,17.77,26.98,24.09
2014-11-20,205.58,73.6,543.76,330.54,62.92,20.34,14.56,71.45,17.65,26.71,24.09
2014-11-21,206.68,73.75,545.89,332.63,63.56,20.46,14.72,71.31,18.62,27.37,24.21
2014-11-24,207.26,74.01,547.48,335.64,63.66,20.58,14.73,71.82,17.91,27.5,24.37
2014-11-25,207.11,75.63,549.23,335.04,64.32,20.57,14.62,71.86,17.52,26.7,24.35
2014-11-26,207.64,77.62,547.73,333.57,64.32,20.92,13.38,72.77,17.77,26.63,24.38
2014-11-28,207.2,77.7,549.08,338.64,64.55,20.97,13.52,73.65,17.55,26.38,24.4
2014-12-01,205.76,75.1,539.65,326.0,64.54,20.58,12.4,71.05,17.37,25.42,24.22
2014-12-02,207.08,75.46,538.59,326.31,65.0,20.61,11.98,76.68,16.87,25.06,24.46
2014-12-03,207.89,74.88,536.97,316.5,65.4,21.14,12.02,75.73,16.42,24.13,24.56
2014-12-04,207.66,75.24,542.58,316.93,65.28,20.95,11.8,77.22,15.74,22.23,24.6
2014-12-05,208.0,76.36,528.08,312.63,65.84,21.07,11.23,77.14,16.44,23.67,24.82
2014-12-08,206.61,76.52,530.73,306.64,65.78,20.8,11.0,74.0,15.15,23.0,24.94
2014-12-09,206.47,76.84,536.11,312.5,66.04,20.73,10.99,74.06,15.82,22.82,24.88
2014-12-10,203.16,76.18,528.04,305.84,65.43,20.27,10.8,72.44,15.4,21.43,24.56
2014-12-11,204.19,77.73,532.11,307.36,65.78,20.26,10.76,72.8,15.36,21.5,24.62
2014-12-12,200.89,77.83,521.51,307.32,64.2,19.63,11.34,72.38,15.65,21.22,24.14
2014-12-15,199.51,76.99,515.84,306.07,64.18,19.57,10.82,72.19,15.18,20.77,23.92
2014-12-16,197.91,74.69,498.16,295.06,63.35,19.34,10.29,71.21,14.93,19.18,23.69
2014-12-17,201.79,76.11,506.45,298.88,64.77,20.14,10.67,72.53,14.96,18.75,24.23
2014-12-18,206.78,78.4,514.62,297.73,66.04,20.22,11.02,75.07,14.96,20.0,24.79
2014-12-19,206.52,79.88,520.04,299.9,65.42,20.42,11.3,75.65,15.04,21.62,24.68
2014-12-22,207.47,81.45,532.3,306.54,66.05,20.78,11.29,76.87,15.01,23.25,24.85
2014-12-23,207.75,80.61,538.77,306.28,66.32,20.65,11.28,75.89,15.02,21.55,24.99
2014-12-24,207.77,80.77,536.93,303.03,66.91,20.57,11.25,76.14,15.0,21.66,24.95
2014-12-26,208.44,80.78,541.52,309.09,66.66,20.59,11.34,76.91,15.42,20.79,24.95
2014-12-29,208.72,80.02,537.31,312.04,66.36,20.56,11.27,75.76,14.95,20.5,25.04
2014-12-30,207.6,79.22,535.28,310.3,66.14,20.37,11.28,75.49,15.0,19.99,25.01
2014-12-31,205.54,78.02,530.66,310.35,65.55,20.05,11.38,74.66,15.12,18.88,24.73
2015-01-02,205.43,78.45,529.55,308.52,66.26,20.13,11.3,74.59,15.45,19.61,24.73
2015-01-05,201.72,77.19,519.46,302.19,64.79,19.79,11.14,72.73,16.94,19.81,24.21
2015-01-06,199.82,76.15,506.64,295.29,64.38,19.19,11.29,70.01,16.85,20.3,23.84
2015-01-07,202.31,76.15,505.15,298.42,65.24,19.14,11.47,70.84,17.89,20.4,24.09
2015-01-08,205.9,78.18,506.91,300.46,66.11,19.86,11.63,73.26,18.93,21.26,24.45
2015-01-09,204.25,77.74,500.72,296.93,65.13,19.94,11.7,74.53,19.21,20.97,24.12
2015-01-12,202.65,76.72,497.06,291.41,65.0,19.69,11.58,71.45,17.75,22.17,23.92
2015-01-13,202.08,76.45,501.8,294.74,65.2,19.66,11.62,71.47,18.02,20.74,23.84
2015-01-14,200.86,76.28,505.93,293.27,63.89,19.74,11.51,69.73,17.75,20.67,23.5
2015-01-15,199.02,74.05,504.01,286.95,63.28,19.6,11.41,66.39,17.33,20.59,23.21
2015-01-16,201.63,75.18,510.46,290.74,63.74,19.96,11.52,68.18,17.21,20.27,23.49
2015-01-20,202.06,76.24,509.94,289.44,64.21,20.02,11.63,69.24,18.18,18.6,23.39
2015-01-21,203.08,76.74,520.39,297.25,64.32,20.3,12.21,69.35,18.95,17.34,23.45
2015-01-22,206.1,77.65,537.3,310.32,64.4,20.65,12.37,71.12,18.85,17.27,24.03
2015-01-23,204.97,77.83,541.95,312.39,64.57,20.71,12.52,69.77,19.19,18.16,23.77
2015-01-26,205.45,77.5,536.72,309.66,64.13,20.62,12.38,69.32,19.44,18.5,23.89
2015-01-27,202.74,75.78,521.19,306.75,62.75,19.63,12.35,69.1,19.38,18.25,23.63
2015-01-28,200.14,76.24,512.43,303.91,61.59,19.31,12.24,67.93,19.54,18.02,23.2
2015-01-29,201.99,78.0,513.23,311.78,62.0,19.78,12.03,68.0,20.23,17.71,23.39
2015-01-30,199.45,75.91,537.55,354.53,63.73,19.2,11.89,67.01,19.52,17.44,23.01
2015-02-02,201.92,74.99,532.2,364.47,63.84,19.62,12.05,67.7,19.57,18.53,23.38
2015-02-03,204.84,75.4,533.3,363.55,64.95,20.11,12.26,70.81,20.07,18.01,23.77
2015-02-04,204.06,75.63,526.1,364.75,66.22,20.16,12.44,71.18,20.12,17.78,23.71
2015-02-05,206.12,75.62,529.83,373.89,67.95,20.48,12.44,70.58,20.95,17.94,23.95
2015-02-06,205.55,74.47,533.88,374.28,66.86,20.4,12.06,68.58,20.29,17.39,24.14
2015-02-09,204.63,74.44,529.28,370.56,66.36,20.38,11.61,68.47,20.22,17.38,24.02
2015-02-10,206.81,75.19,540.16,373.0,66.14,20.95,11.5,69.98,21.47,17.26,24.21
2015-02-11,206.93,76.51,538.0,375.14,66.5,20.81,11.45,67.27,19.93,17.08,24.21
2015-02-12,208.92,76.23,546.01,377.17,67.73,22.3,11.66,82.4,20.1,18.17,24.45
2015-02-13,209.78,75.74,551.16,381.83,67.41,22.31,11.69,84.81,20.2,17.4,24.43
2015-02-17,210.11,75.6,545.01,375.43,67.72,22.38,11.79,84.26,19.39,15.87,24.51
2015-02-18,210.13,76.71,542.65,373.37,67.28,22.12,11.7,85.58,19.48,16.21,24.36
2015-02-19,209.98,79.42,546.45,379.0,67.28,22.18,11.43,88.66,20.65,16.57,24.26
2015-02-20,211.24,79.9,541.8,383.66,68.25,22.34,11.74,88.78,19.51,16.17,24.44
2015-02-23,211.21,78.84,535.0,380.14,68.25,22.16,11.68,88.87,19.54,14.9,24.38
2015-02-24,211.81,78.45,538.65,378.59,68.12,22.31,11.67,88.5,20.04,15.23,24.5
2015-02-25,211.63,79.56,547.33,385.37,68.25,22.14,11.54,89.17,19.91,16.35,24.5
2015-02-26,211.38,80.41,559.29,384.8,68.44,22.2,11.38,89.86,19.34,16.83,24.44
2015-02-27,210.66,78.97,562.63,380.16,67.83,22.06,11.34,89.25,19.25,17.17,24.35
2015-03-02,211.99,79.75,575.02,385.66,69.57,22.6,11.28,91.21,18.51,16.52,24.53
2015-03-03,211.12,79.6,578.8,384.61,68.82,22.18,11.37,90.47,16.82,16.63,24.46
2015-03-04,210.23,80.9,578.33,382.72,68.44,22.43,11.46,89.24,17.31,15.9,24.31
2015-03-05,210.46,81.21,581.44,387.83,68.53,22.86,11.56,87.98,17.85,18.05,24.41
2015-03-06,207.5,80.0,572.9,380.09,67.34,22.55,11.85,85.7,18.39,17.84,24.23
2015-03-09,208.36,79.44,574.1,378.56,67.86,22.61,11.65,86.01,18.51,17.05,24.34
2015-03-10,204.98,77.55,559.85,369.51,66.3,23.0,11.24,84.17,18.33,15.65,23.82
2015-03-11,204.5,77.57,555.69,366.37,66.19,22.88,11.36,83.22,18.31,13.67,23.97
2015-03-12,207.1,78.93,561.17,374.24,67.4,22.67,11.31,84.15,18.33,13.5,24.49
2015-03-13,205.83,78.05,553.0,370.58,66.26,22.7,10.96,82.52,18.84,13.39,24.32
2015-03-16,208.58,78.07,561.64,373.35,67.26,22.97,10.97,83.17,18.9,12.97,24.62
2015-03-17,207.96,79.36,557.61,371.92,66.12,23.25,11.42,83.4,18.29,12.7,24.56
2015-03-18,210.46,80.91,566.16,375.14,66.92,22.87,11.56,84.31,18.13,12.2,24.7
2015-03-19,209.5,82.75,563.67,373.24,66.81,23.22,11.54,83.8,18.63,13.33,24.47
2015-03-20,210.41,83.8,564.95,378.49,67.41,23.47,14.4,86.35,17.53,13.26,24.71
2015-03-23,210.0,84.43,565.37,375.11,67.08,22.71,14.72,86.51,18.59,13.38,24.57
2015-03-24,208.82,85.31,577.54,374.09,67.1,22.4,14.72,85.38,17.5,13.39,24.37
2015-03-25,205.76,82.92,567.0,370.96,65.73,21.04,14.94,84.18,16.75,13.2,23.98
2015-03-26,205.27,83.01,563.64,367.35,65.59,20.96,14.61,83.62,16.52,13.52,23.96
2015-03-27,205.74,83.3,557.55,370.56,65.54,21.38,14.8,83.79,17.52,13.43,23.93
2015-03-30,208.25,83.2,561.14,374.59,65.66,21.47,14.72,83.61,17.52,13.58,24.28
2015-03-31,206.43,82.22,554.7,372.1,65.41,20.92,14.66,83.17,17.09,12.36,24.11
2015-04-01,205.7,81.66,549.49,370.26,65.18,21.01,14.69,82.34,17.46,12.53,24.09
2015-04-02,206.44,81.56,541.31,372.25,65.29,21.06,14.81,82.5,20.09,12.8,24.21
2015-04-06,207.83,82.44,543.95,377.04,65.2,21.66,15.29,83.4,21.29,12.68,24.25
2015-04-07,207.28,82.32,544.86,374.41,65.8,21.86,15.3,82.83,23.95,12.81,24.12
2015-04-08,207.98,82.28,548.84,381.2,66.5,22.02,15.9,83.05,24.24,14.02,24.21
2015-04-09,208.9,82.17,548.02,383.54,66.44,22.52,15.94,83.18,22.02,13.52,24.24
2015-04-10,210.04,82.04,548.54,382.65,66.34,22.76,15.76,82.93,23.67,13.6,24.24
2015-04-13,209.09,83.01,548.64,382.36,65.61,22.55,15.75,83.52,22.62,13.2,24.33
2015-04-14,209.49,83.52,539.78,385.11,65.53,22.36,15.97,83.27,22.71,13.45,24.33
2015-04-15,210.43,82.7,541.04,383.45,65.68,22.63,15.94,83.09,22.74,13.45,24.42
2015-04-16,210.37,82.31,543.52,386.04,65.65,22.49,15.91,82.6,22.96,13.23,24.46
2015-04-17,207.95,80.78,532.74,375.56,64.52,22.2,15.8,80.71,22.8,12.93,24.13
2015-04-20,209.85,83.09,544.53,389.51,64.72,22.09,15.89,80.97,22.04,12.87,24.23
2015-04-21,209.6,83.62,542.92,391.18,65.35,22.06,16.29,81.28,21.77,13.13,24.11
2015-04-22,210.63,84.63,549.18,389.8,68.01,22.31,16.54,82.72,23.51,13.09,24.28
2015-04-23,211.16,82.41,557.46,389.99,67.72,22.22,16.4,82.78,23.98,12.83,24.32
2015-04-24,211.65,81.53,573.66,445.1,67.48,22.03,16.39,81.57,24.11,12.8,24.28
2015-04-27,210.77,81.91,566.12,438.56,67.1,22.2,16.57,81.69,23.48,11.86,24.19
2015-04-28,211.44,80.68,564.37,429.31,66.77,22.3,16.22,81.56,24.1,11.78,24.33
2015-04-29,210.57,80.46,561.39,429.37,67.34,22.14,16.01,81.7,23.51,11.5,24.32
2015-04-30,208.46,78.77,548.77,421.78,66.05,22.2,15.92,80.49,22.66,10.97,24.13
2015-05-01,210.72,78.99,551.16,422.87,65.77,22.75,15.95,80.82,22.83,10.58,24.34
2015-05-04,211.32,78.81,552.84,423.04,65.58,22.61,16.04,79.91,23.43,10.71,24.58
2015-05-05,208.9,77.56,543.04,421.19,65.96,22.03,15.75,77.72,22.67,10.76,24.36
2015-05-06,208.04,78.1,535.08,419.1,65.67,22.1,15.83,76.8,22.73,10.81,24.24
2015-05-07,208.87,78.42,542.04,426.88,66.58,22.49,16.14,78.47,22.67,11.19,24.41
2015-05-08,211.62,78.51,548.95,433.69,69.47,20.82,15.95,81.93,22.59,10.66,24.76
2015-05-11,210.6,78.01,545.78,432.85,69.02,20.63,15.94,81.63,24.9,10.73,24.67
2015-05-12,209.98,77.46,538.73,431.02,68.69,20.83,16.28,80.82,25.98,11.29,24.58
2015-05-13,210.02,78.44,539.49,426.87,68.65,20.95,16.34,81.15,26.83,11.25,24.59
2015-05-14,212.21,81.37,549.2,432.28,70.0,21.29,17.78,82.16,28.85,11.19,24.81
2015-05-15,212.44,80.42,546.49,426.0,69.57,21.3,17.99,81.83,30.53,11.34,24.7
2015-05-18,213.1,80.88,546.67,425.24,70.0,21.27,18.0,81.49,30.04,10.83,24.84
2015-05-19,213.03,80.63,549.28,421.71,70.16,21.04,18.12,80.65,34.73,11.04,24.98
2015-05-20,212.88,80.55,552.51,423.86,69.78,21.04,17.98,79.77,35.08,11.07,24.91
2015-05-21,213.5,80.48,556.81,431.63,69.37,20.89,18.0,79.3,33.99,11.06,24.85
2015-05-22,212.99,80.54,554.52,427.63,69.62,20.86,21.16,80.27,33.46,13.35,24.86
2015-05-26,210.7,79.34,547.19,425.47,68.54,20.73,20.5,77.77,32.26,13.61,24.58
2015-05-27,212.7,80.55,554.25,431.42,69.49,21.84,20.38,78.5,32.97,13.0,24.85
2015-05-28,212.46,80.14,554.18,426.57,69.56,22.14,20.06,76.8,32.07,12.79,24.82
2015-05-29,211.14,79.19,545.32,429.23,68.68,22.13,19.97,76.26,31.84,12.6,24.6
2015-06-01,211.57,80.29,549.21,430.92,69.11,22.38,20.41,76.51,32.4,12.36,24.62
2015-06-02,211.36,80.44,553.95,430.99,69.04,21.94,19.26,76.32,32.48,12.5,24.66
2015-06-03,211.92,82.44,555.29,436.59,68.95,21.7,18.72,75.07,33.54,12.58,24.87
2015-06-04,210.13,82.05,551.69,430.78,68.21,22.09,18.77,75.12,33.1,12.4,24.65
2015-06-05,209.77,82.14,549.53,426.95,68.37,22.26,19.02,76.41,34.84,12.04,24.79
2015-06-08,208.48,80.67,543.48,423.5,67.68,21.75,18.58,75.48,34.25,12.17,24.64
2015-06-09,208.45,80.67,542.16,425.48,67.95,21.86,18.67,75.21,32.68,12.08,24.7
2015-06-10,210.95,82.16,552.6,430.77,69.63,21.47,19.04,76.48,31.92,12.0,25.05
2015-06-11,211.63,81.83,550.04,432.97,69.64,21.7,19.38,76.26,32.24,12.34,25.15
2015-06-12,210.01,81.53,547.47,429.92,69.33,21.11,19.35,76.1,34.1,12.03,25.04
2015-06-15,209.11,80.71,543.0,423.67,68.57,21.07,19.03,75.83,33.49,11.51,24.93
2015-06-16,210.25,81.06,544.87,427.26,69.01,21.33,18.93,76.45,32.39,11.51,25.07
2015-06-17,210.59,81.79,546.6,427.81,68.75,21.58,18.85,87.65,33.76,11.68,25.04
2015-06-18,212.78,82.9,556.18,439.39,69.5,21.94,18.75,90.67,34.96,11.74,25.27
2015-06-19,210.81,82.51,557.52,434.92,68.69,21.87,17.91,90.94,33.75,11.86,24.74
2015-06-22,211.89,84.74,559.68,436.29,69.09,21.78,18.46,90.74,33.09,11.78,25.12
2015-06-23,212.04,87.88,563.39,445.99,69.42,21.22,18.49,90.24,33.08,11.67,25.17
2015-06-24,210.5,88.86,558.57,440.84,68.86,21.01,18.23,88.98,33.08,11.43,24.96
2015-06-25,209.86,87.98,557.95,440.1,68.62,21.17,18.46,88.16,33.06,11.44,24.81
2015-06-26,209.82,88.01,553.06,438.1,68.75,20.74,18.32,88.84,31.01,11.51,24.89
2015-06-29,205.42,85.8,541.25,429.86,66.72,20.12,17.65,85.77,28.0,11.35,24.29
2015-06-30,205.85,85.76,540.04,434.09,67.15,20.11,18.16,87.14,28.71,11.15,24.38
2015-07-01,207.5,86.91,543.3,437.39,67.85,20.4,17.75,86.9,27.25,10.5,24.75
2015-07-02,207.31,87.28,547.34,437.71,68.24,20.42,17.82,86.87,26.96,10.51,24.64
2015-07-06,206.72,87.55,545.62,436.04,68.12,20.17,17.88,86.89,24.92,10.05,24.54
2015-07-07,208.02,87.22,550.03,436.72,67.77,19.79,17.78,86.83,22.11,9.19,24.59
2015-07-08,204.53,85.65,541.7,429.7,66.73,19.65,17.34,85.58,23.0,8.89,24.16
2015-07-09,204.9,85.88,544.65,434.39,67.05,19.41,17.87,85.96,25.78,9.14,24.35
2015-07-10,207.48,87.95,556.11,443.51,68.42,19.75,18.32,88.44,25.02,9.63,24.64
2015-07-13,209.77,90.1,571.73,455.57,69.52,19.88,18.45,90.3,25.26,9.72,24.94
2015-07-14,210.68,89.68,584.18,465.57,70.1,19.89,18.58,89.68,26.46,10.19,25.0
2015-07-15,210.61,89.76,583.96,461.19,70.02,19.75,17.56,90.38,25.36,10.36,25.21
2015-07-16,212.3,90.85,601.78,475.48,70.57,20.19,17.97,91.11,26.13,10.66,25.46
2015-07-17,212.48,94.97,699.62,483.01,70.88,20.07,17.97,92.18,26.54,10.53,25.39
2015-07-20,212.59,97.91,692.84,488.1,72.7,19.7,18.2,91.99,25.75,10.3,25.42
2015-07-21,211.75,98.39,695.35,488.0,72.02,19.79,18.54,92.55,26.58,9.9,25.39
2015-07-22,211.37,97.04,695.1,488.27,71.97,19.4,18.54,91.75,27.79,10.13,25.58
2015-07-23,210.18,95.44,674.73,482.18,71.75,19.65,18.79,93.37,28.65,10.35,25.36
2015-07-24,208.0,96.95,654.77,529.42,74.8,19.42,18.21,80.86,26.93,10.38,25.12
2015-07-27,206.79,94.17,658.27,531.41,73.86,19.31,17.26,80.6,26.18,10.4,24.94
2015-07-28,209.33,95.29,659.66,526.03,74.74,19.73,17.08,79.34,27.59,10.51,25.04
2015-07-29,210.77,96.99,661.43,529.0,76.01,19.97,17.63,79.71,27.03,10.55,25.29
2015-07-30,210.82,95.21,664.56,536.76,76.38,20.02,17.67,78.69,26.4,10.34,25.29
2015-07-31,210.5,94.01,657.5,536.15,75.34,19.95,17.9,79.38,26.7,10.52,25.21
2015-08-03,209.79,94.14,664.72,535.03,75.77,20.29,17.86,78.85,25.66,10.68,25.18
2015-08-04,209.38,94.06,661.28,531.9,75.27,20.37,19.64,78.4,25.67,11.81,25.14
2015-08-05,210.07,96.44,673.29,537.01,74.98,20.58,19.88,77.96,24.8,11.62,25.24
2015-08-06,208.35,95.12,670.15,529.46,73.58,20.45,19.37,76.12,24.43,9.26,25.15
2015-08-07,207.95,94.3,664.39,522.62,74.21,22.98,18.87,74.32,23.87,9.34,25.2
2015-08-10,210.57,94.15,663.14,524.0,74.38,23.78,19.39,75.31,24.41,9.6,25.44
2015-08-11,208.67,93.62,690.3,527.46,73.36,23.66,18.0,74.67,23.02,9.21,25.21
2015-08-12,208.92,94.19,691.47,525.91,73.54,23.72,17.56,73.5,23.5,9.45,24.98
2015-08-13,208.66,93.43,686.51,529.66,73.93,23.52,18.03,71.7,22.62,9.45,25.07
2015-08-14,209.42,94.42,689.37,531.52,74.22,23.54,17.9,72.49,22.15,9.49,25.25
2015-08-17,210.59,93.93,694.11,535.22,74.41,23.39,18.2,73.5,22.49,9.72,25.3
2015-08-18,209.98,95.17,688.73,535.02,74.47,23.08,17.32,72.26,22.02,9.6,25.28
2015-08-19,208.32,95.31,694.04,532.92,74.4,22.99,17.03,71.75,19.12,9.48,25.05
2015-08-20,204.01,90.56,679.48,515.78,73.95,22.16,16.15,70.38,18.92,9.55,24.52
2015-08-21,197.63,86.06,644.03,494.47,71.19,21.47,15.82,69.51,17.83,9.61,23.76
2015-08-24,189.55,82.09,618.11,463.37,68.36,20.71,15.12,66.27,16.53,9.4,22.65
2015-08-25,187.23,83.0,612.47,466.37,66.97,20.28,15.92,66.54,16.23,9.31,22.27
2015-08-26,194.68,87.19,659.74,500.77,70.69,21.81,16.02,68.38,16.91,8.79,23.17
2015-08-27,199.16,89.73,667.96,518.37,72.4,22.63,17.49,70.34,18.52,8.3,23.74
2015-08-28,199.24,91.01,659.69,518.01,72.46,22.73,17.38,70.6,18.0,8.46,23.63
2015-08-31,197.54,89.43,647.82,512.89,71.3,22.48,16.61,69.9,17.27,8.44,23.43
2015-09-01,191.92,87.23,629.56,496.54,68.96,21.56,16.08,68.19,16.68,8.01,22.67
2015-09-02,195.36,89.89,644.91,510.55,69.62,22.21,16.36,69.73,17.24,7.55,22.98
2015-09-03,195.65,88.15,637.05,504.72,70.4,22.27,16.47,69.47,16.66,7.6,23.08
2015-09-04,192.56,88.26,628.96,499.0,69.16,21.75,15.98,67.21,16.45,7.65,22.65
2015-09-08,197.46,89.53,643.88,517.54,70.53,22.68,16.11,67.6,17.09,8.28,23.23
2015-09-09,194.79,90.44,643.41,516.89,69.6,22.23,16.49,66.92,16.97,9.11,22.91
2015-09-10,195.85,91.98,651.08,522.24,70.23,22.58,16.8,67.49,16.91,9.03,23.02
2015-09-11,196.81,92.05,655.3,529.44,70.76,22.65,17.22,66.92,16.79,9.2,23.12
2015-09-14,196.01,92.31,652.47,521.38,70.01,22.69,16.47,67.79,16.54,8.84,23.07
2015-09-15,198.46,92.9,665.07,522.37,70.51,22.94,16.73,70.06,16.82,8.75,23.4
2015-09-16,200.18,93.45,665.52,527.39,70.99,23.1,18.08,69.9,17.84,8.99,23.55
2015-09-17,199.73,94.34,671.67,538.87,70.96,23.31,17.56,69.89,18.3,9.1,23.22
2015-09-18,195.36,94.4,660.92,540.26,69.79,23.29,17.08,68.64,18.93,9.28,22.66
2015-09-21,196.46,95.55,666.98,548.39,70.78,23.53,16.92,68.38,19.0,9.32,22.92
2015-09-22,193.9,92.96,653.2,538.4,70.25,22.89,16.65,67.2,17.18,9.01,22.63
2015-09-23,193.6,93.97,653.29,536.07,70.95,23.0,16.25,65.69,16.41,8.82,22.64
2015-09-24,192.93,94.41,654.91,533.75,70.24,23.44,16.68,65.46,16.53,8.54,22.48
2015-09-25,192.86,92.77,640.15,524.25,70.69,23.61,16.34,64.89,15.96,8.0,22.81
2015-09-28,188.01,89.21,624.25,504.06,67.2,23.3,15.46,62.88,15.82,7.4,22.28
2015-09-29,188.12,86.67,622.61,496.07,68.53,23.71,15.7,63.42,14.0,7.42,22.32
2015-09-30,191.63,89.9,638.37,511.89,69.66,24.65,15.8,63.02,14.46,7.68,22.66
2015-10-01,192.16,90.95,642.0,520.72,69.99,24.17,15.65,64.13,13.98,7.83,22.67
2015-10-02,195.0,92.07,656.99,532.54,70.67,24.8,16.69,66.36,14.96,8.1,22.7
2015-10-05,198.47,94.01,671.68,543.68,72.23,25.42,17.27,67.24,15.03,8.14,23.18
2015-10-06,197.81,92.8,671.64,537.48,72.08,25.75,17.16,66.84,16.81,8.41,23.07
2015-10-07,199.41,92.4,670.0,541.94,73.22,26.02,17.54,67.73,17.7,7.9,23.25
2015-10-08,201.21,92.47,667.0,533.16,73.9,26.17,17.07,69.58,17.1,8.13,23.39
2015-10-09,201.33,93.24,671.24,539.8,73.98,26.07,16.82,67.98,17.01,8.43,23.24
2015-10-12,201.52,94.26,676.43,550.19,74.99,26.35,16.84,67.48,17.85,8.72,23.26
2015-10-13,200.25,94.12,683.17,548.9,75.0,26.4,17.12,66.69,17.22,8.97,23.08
2015-10-14,199.29,94.07,680.41,544.83,74.2,27.36,17.11,83.72,16.72,9.25,22.89
2015-10-15,202.29,95.96,693.02,562.44,75.34,27.43,17.54,83.36,17.72,9.42,23.41
2015-10-16,203.27,97.54,695.32,570.76,76.0,27.86,17.76,83.2,17.9,9.33,23.55
2015-10-19,203.32,98.47,699.95,573.15,76.99,27.81,18.0,84.14,18.55,9.09,23.53
2015-10-20,203.11,97.0,680.0,560.88,76.28,27.77,18.33,84.25,17.95,8.27,23.67
2015-10-21,201.85,97.11,671.8,555.77,75.46,27.41,18.06,82.17,18.01,8.01,23.5
2015-10-22,205.26,99.67,681.14,563.91,76.42,28.4,18.1,83.56,18.67,7.93,23.88
2015-10-23,207.51,102.19,719.33,599.03,77.07,28.59,18.58,82.9,19.41,8.6,24.14
2015-10-26,206.99,103.77,731.12,608.61,78.18,28.46,22.7,83.65,19.94,8.26,24.04
2015-10-27,206.57,103.7,732.82,611.01,77.52,28.44,22.16,81.76,18.7,8.21,23.9
2015-10-28,208.94,104.2,736.92,617.1,78.87,28.67,22.1,81.3,19.9,8.13,24.5
2015-10-29,208.83,104.88,744.85,626.55,78.51,27.68,21.98,80.93,19.27,8.32,24.43
2015-10-30,207.93,101.97,737.39,625.9,77.58,28.37,23.24,83.78,19.95,8.08,24.08
2015-11-02,210.33,103.31,747.74,628.35,75.22,28.7,24.09,83.16,19.94,8.02,24.41
2015-11-03,211.0,102.58,748.82,625.31,77.9,28.5,24.29,82.25,20.14,8.1,24.45
2015-11-04,210.36,103.94,755.31,640.95,78.35,28.03,24.11,82.62,19.95,8.25,24.38
2015-11-05,210.15,108.76,760.67,655.65,79.26,27.71,24.72,83.11,19.17,8.1,24.48
2015-11-06,210.04,107.1,761.6,659.37,78.75,31.55,25.85,77.42,19.2,8.01,24.73
2015-11-09,208.08,106.49,754.77,655.49,78.04,31.41,24.48,77.12,18.93,8.44,24.46
2015-11-10,208.56,107.91,758.26,659.68,79.48,30.81,24.56,78.35,18.16,8.0,24.57
2015-11-11,207.67,109.01,765.25,673.25,79.18,30.51,24.79,79.74,18.38,7.88,24.49
2015-11-12,204.84,108.02,756.53,665.6,78.31,30.4,24.9,79.15,18.7,7.88,24.12
2015-11-13,202.54,103.95,740.07,642.35,78.11,29.8,24.31,77.95,18.05,7.72,23.92
2015-11-16,205.62,104.04,750.42,647.81,78.9,30.4,24.35,78.55,17.17,7.75,24.21
2015-11-17,205.47,105.13,745.98,643.3,78.83,30.4,23.14,78.12,18.14,7.75,24.16
2015-11-18,208.73,107.77,760.01,663.54,80.46,31.03,23.77,83.68,18.15,7.95,24.59
2015-11-19,208.55,106.26,759.94,661.27,80.15,31.12,27.46,84.55,19.3,7.7,24.63
2015-11-20,209.31,107.32,777.0,668.45,80.19,31.39,27.92,84.98,19.88,7.77,24.67
2015-11-23,209.07,106.95,776.7,678.99,80.11,30.92,27.65,84.8,19.62,7.86,24.57
2015-11-24,209.35,105.74,769.63,671.15,79.79,31.17,26.57,82.98,19.75,8.0,24.5
2015-11-25,209.32,105.41,769.26,675.34,79.56,31.13,26.25,82.77,19.54,8.01,24.52
2015-11-27,209.56,105.45,771.97,673.26,79.84,31.39,25.68,82.79,18.94,7.71,24.58
2015-11-30,208.69,104.24,762.85,664.8,79.01,31.72,26.75,82.37,19.3,7.79,24.56
2015-12-01,210.68,107.12,783.79,679.06,79.91,32.75,54.42,82.93,18.1,7.58,24.83
2015-12-02,208.53,106.07,777.85,676.01,79.04,32.5,53.75,82.92,18.17,7.22,24.54
2015-12-03,205.61,104.38,768.2,666.25,78.29,32.43,53.34,83.14,17.39,7.3,24.14
2015-12-04,209.62,106.18,779.21,672.64,80.4,33.75,54.1,84.37,17.56,6.53,24.78
2015-12-07,208.35,105.61,772.99,669.83,79.55,33.11,53.13,83.07,17.56,6.47,24.55
2015-12-08,206.95,106.49,775.14,677.33,79.07,33.56,52.98,83.2,17.62,6.25,24.24
2015-12-09,205.34,104.6,762.55,664.79,77.88,32.71,50.72,82.41,17.25,6.42,23.96
2015-12-10,205.87,105.42,760.04,662.32,78.12,32.98,50.49,83.52,18.05,6.33,23.98
2015-12-11,201.88,102.12,750.42,640.15,76.11,32.49,48.69,82.48,16.85,5.82,23.45
2015-12-14,202.9,104.66,762.54,657.91,76.87,32.57,48.54,83.8,16.47,5.83,23.5
2015-12-15,205.03,104.55,760.09,658.64,78.62,32.97,48.34,85.91,17.25,6.0,24.05
2015-12-16,208.03,106.79,776.59,675.77,79.86,33.17,49.83,86.88,16.46,6.0,24.44
2015-12-17,204.86,106.22,769.83,670.65,78.69,32.67,48.41,85.38,16.15,11.0,24.09
2015-12-18,200.02,104.04,756.85,664.14,76.32,32.14,48.59,84.35,16.91,13.5,23.3
2015-12-21,201.67,104.77,760.8,664.51,77.17,32.9,48.7,84.12,16.26,13.61,23.53
2015-12-22,203.5,105.51,767.13,663.15,77.38,32.93,48.53,84.4,16.21,14.37,23.75
2015-12-23,206.02,104.63,768.51,663.7,78.56,33.06,49.14,84.88,16.41,16.72,24.03
2015-12-24,205.68,105.02,765.84,662.79,78.26,33.17,48.74,85.45,16.45,16.89,24.01
2015-12-28,205.21,105.93,782.24,675.2,78.53,33.14,47.95,85.2,16.05,15.24,23.99
2015-12-29,207.4,107.26,793.96,693.97,79.21,33.68,48.04,86.51,16.18,15.58,24.24
2015-12-30,205.93,106.22,790.3,689.07,78.35,33.39,47.09,86.15,16.08,14.5,24.07
2015-12-31,203.87,104.66,778.01,675.89,77.55,32.96,46.33,85.25,16.02,14.47,23.83
2016-01-04,201.02,102.22,759.44,636.99,75.7,32.37,45.23,82.98,15.56,14.89,23.37
2016-01-05,201.36,102.73,761.53,633.79,76.27,32.89,47.69,81.93,15.64,14.88,23.46
2016-01-06,198.82,102.97,759.33,632.65,75.27,31.53,47.89,80.1,15.75,13.29,23.1
2016-01-07,194.05,97.92,741.0,607.94,73.79,30.28,45.25,77.69,15.6,12.43,22.45
2016-01-08,191.92,97.33,730.91,607.05,72.88,29.63,45.03,76.18,16.01,12.38,22.1
2016-01-11,192.11,97.51,733.07,617.74,73.92,29.68,43.62,76.95,15.48,11.46,22.13
2016-01-12,193.66,99.37,745.34,617.89,74.76,30.18,44.59,77.36,15.74,11.88,22.3
2016-01-13,188.83,95.44,719.57,581.81,73.1,29.26,42.01,72.94,15.11,11.01,21.72
2016-01-14,191.93,98.37,731.39,593.0,73.8,28.67,43.34,71.92,15.5,11.31,21.91
2016-01-15,187.81,94.97,710.49,570.18,71.83,27.11,41.45,70.63,15.0,10.19,21.42
2016-01-19,188.06,95.26,719.08,574.48,71.39,27.33,42.01,71.19,14.48,9.86,21.41
2016-01-20,185.65,94.35,718.56,571.77,70.68,27.48,42.41,69.26,14.4,10.6,20.99
2016-01-21,186.69,94.16,726.67,575.02,71.56,27.8,42.92,69.51,14.27,10.49,20.9
2016-01-22,190.52,97.94,745.46,596.38,72.7,28.45,42.93,70.65,14.5,10.62,21.28
2016-01-25,187.64,97.01,733.62,596.53,71.74,28.42,42.92,69.49,14.14,10.04,20.85
2016-01-26,190.2,97.34,733.79,601.25,71.88,28.7,42.83,69.69,14.56,10.28,21.2
2016-01-27,188.13,94.45,717.58,583.35,70.91,28.36,41.57,67.54,14.0,9.69,21.12
2016-01-28,189.11,109.11,748.3,635.35,69.33,28.05,40.84,67.32,14.06,9.57,21.13
2016-01-29,193.72,112.21,761.35,587.0,74.49,29.29,42.68,66.76,14.23,10.3,21.72
2016-02-01,193.65,115.09,770.77,574.81,74.38,29.3,41.97,67.19,13.94,10.01,21.63
2016-02-02,190.16,114.61,780.91,552.1,73.4,28.06,40.36,63.0,14.0,9.6,21.03
2016-02-03,191.3,112.69,749.38,531.07,74.38,28.2,39.9,62.77,14.16,9.34,21.05
2016-02-04,191.6,110.49,730.03,536.26,73.68,28.21,41.11,63.81,15.69,9.36,21.23
2016-02-05,187.95,104.07,703.76,502.13,71.54,26.43,39.13,58.37,14.58,9.09,20.95
2016-02-08,185.42,99.75,704.16,488.1,67.77,25.22,37.07,55.88,14.53,8.23,20.42
2016-02-09,185.43,99.54,701.02,482.07,68.33,25.49,36.57,54.09,14.34,8.02,20.39
2016-02-10,185.27,101.0,706.85,490.48,70.15,25.43,36.88,54.35,14.76,8.28,20.28
2016-02-11,182.86,101.91,706.36,503.82,68.47,25.3,36.33,61.07,14.24,8.75,19.66
2016-02-12,186.63,102.01,706.89,507.08,70.42,25.73,37.13,59.9,14.26,9.26,20.49
2016-02-16,189.78,101.61,717.64,521.1,71.1,26.99,40.33,63.32,15.19,10.65,20.82
2016-02-17,192.88,105.2,731.97,534.1,72.03,27.66,41.39,65.35,16.99,11.15,21.1
2016-02-18,192.09,103.47,717.51,525.0,71.24,30.04,40.78,63.07,16.33,11.07,20.98
2016-02-19,192.0,104.57,722.11,534.9,71.53,30.44,41.69,63.42,16.3,10.98,20.98
2016-02-22,194.78,107.16,729.05,559.5,73.06,31.52,42.32,63.11,16.66,12.04,21.31
2016-02-23,192.32,105.46,717.29,552.94,72.15,31.6,41.29,60.7,16.22,11.69,20.93
2016-02-24,193.2,106.88,720.9,554.04,71.85,31.82,41.53,60.66,15.7,11.65,20.88
2016-02-25,195.54,108.07,729.12,555.15,73.27,31.89,41.22,62.05,15.23,10.41,21.17
2016-02-26,195.09,107.92,724.86,555.23,72.73,31.68,41.79,62.38,15.4,10.45,21.32
2016-02-29,193.35,106.92,717.22,552.52,72.39,31.36,40.92,62.6,14.82,10.48,21.09
2016-03-01,198.11,109.82,742.17,579.04,74.64,32.75,41.9,66.1,14.28,9.07,21.8
2016-03-02,199.0,109.95,739.48,580.21,74.3,32.94,40.5,65.32,15.28,9.05,22.04
2016-03-03,199.78,109.58,731.59,577.49,73.91,32.65,39.24,65.57,15.33,8.48,22.19
2016-03-04,200.43,108.39,730.22,575.14,73.9,32.55,40.02,65.1,15.0,8.53,22.28
2016-03-07,200.59,105.73,712.8,562.8,71.94,32.34,39.36,65.5,15.0,8.64,22.27
2016-03-08,198.4,105.93,713.53,560.26,70.62,31.75,38.89,62.57,15.05,8.53,21.91
2016-03-09,199.38,107.51,725.41,559.47,70.68,31.73,39.35,60.98,15.22,8.89,21.94
2016-03-10,199.54,107.32,732.17,558.93,70.22,31.68,38.99,61.02,14.95,8.96,21.92
2016-03-11,202.76,109.41,744.87,569.61,71.63,32.22,40.45,63.7,15.24,8.9,22.49
2016-03-14,202.5,109.89,750.24,573.37,71.49,32.3,41.22,66.54,15.68,9.5,22.42
2016-03-15,202.17,110.67,750.57,577.02,71.91,32.14,40.76,66.8,15.85,8.56,22.41
2016-03-16,203.34,112.18,757.36,574.27,72.37,33.1,42.61,67.48,15.96,8.29,22.36
2016-03-17,204.63,111.02,758.48,559.44,73.14,32.82,42.31,65.31,16.92,8.57,22.63
2016-03-18,204.38,111.45,755.41,552.08,73.78,33.81,43.52,64.31,17.44,8.31,22.73
2016-03-21,204.67,111.85,762.16,553.98,73.77,33.91,45.16,65.71,17.8,8.46,22.69
2016-03-22,204.56,112.25,760.05,560.48,72.96,33.85,44.87,64.04,18.0,8.63,22.62
2016-03-23,203.21,112.54,757.56,569.63,73.91,34.43,44.37,61.74,17.13,8.55,22.45
2016-03-24,203.12,113.05,754.84,582.95,74.14,34.48,44.16,62.23,17.11,8.61,22.31
2016-03-28,203.24,113.69,753.28,579.87,74.08,34.83,43.35,62.51,16.67,8.57,22.38
2016-03-29,205.12,116.14,765.89,593.86,75.38,35.39,44.51,65.58,16.58,9.32,22.42
2016-03-30,206.02,114.7,768.34,598.69,76.78,35.76,45.02,66.58,16.33,9.23,22.55
2016-03-31,205.52,114.1,762.9,593.64,76.48,35.63,44.26,66.5,16.33,9.4,22.5
2016-04-01,206.92,116.06,769.67,598.5,77.59,36.15,44.84,67.23,16.19,9.91,22.7
2016-04-04,206.25,112.55,765.12,593.19,77.83,35.8,44.39,65.09,15.93,9.54,22.59
2016-04-05,204.19,112.22,758.57,586.14,76.97,35.75,43.71,63.96,15.98,9.22,22.27
2016-04-06,206.42,113.71,768.07,602.08,78.21,35.8,43.72,65.53,16.27,9.63,22.39
2016-04-07,203.95,113.64,760.12,591.43,77.58,35.43,43.36,63.35,16.31,9.37,21.97
2016-04-08,204.5,110.63,759.47,594.6,78.03,35.66,44.43,62.24,16.73,9.01,22.05
2016-04-11,204.02,108.99,757.54,595.93,77.82,35.88,45.68,60.59,16.68,9.09,22.14
2016-04-12,205.92,110.61,764.32,603.17,78.52,35.84,46.87,61.44,16.51,9.38,22.42
2016-04-13,208.0,110.51,771.91,614.82,79.71,36.74,48.71,63.79,17.0,10.01,22.93
2016-04-14,208.01,110.84,775.39,620.75,80.33,36.84,48.72,63.51,16.85,10.45,22.98
2016-04-15,207.78,109.64,780.0,625.89,80.08,37.13,48.06,63.0,16.54,9.8,22.9
2016-04-18,209.24,110.45,787.68,635.35,81.45,36.97,48.62,65.44,16.8,9.8,23.07
2016-04-19,209.9,112.29,776.25,627.9,80.75,36.31,47.77,64.54,16.74,9.9,23.36
2016-04-20,210.1,112.42,774.92,632.99,81.15,36.45,48.39,64.39,16.58,10.08,23.54
2016-04-21,208.97,113.44,780.0,631.0,80.79,36.41,47.21,63.81,16.68,10.06,23.33
2016-04-22,208.97,110.56,737.77,620.5,79.11,36.27,47.12,63.34,16.5,9.61,23.55
2016-04-25,208.61,110.1,742.21,626.2,78.14,36.45,46.02,62.55,15.92,9.47,23.5
2016-04-26,208.92,108.76,725.37,616.88,78.53,36.48,45.42,62.5,15.11,9.59,23.65
2016-04-27,209.35,108.89,721.46,606.57,78.76,37.31,45.09,63.69,15.28,9.45,23.69
2016-04-28,207.45,116.73,705.06,602.0,77.68,36.2,45.07,63.6,15.16,9.45,23.44
2016-04-29,206.33,117.58,707.88,659.59,77.24,35.53,43.61,64.59,14.94,9.06,23.31
2016-05-02,207.97,118.57,714.41,683.85,78.46,36.0,44.54,64.89,14.57,9.43,23.52
2016-05-03,206.16,117.43,708.44,671.32,77.19,35.57,44.0,65.83,14.44,9.37,23.22
2016-05-04,205.01,118.06,711.37,670.9,77.07,34.76,43.62,63.13,14.68,9.38,23.04
2016-05-05,204.97,117.81,714.71,659.09,77.36,34.97,43.85,62.04,15.12,9.8,23.03
2016-05-06,205.72,119.49,725.18,673.95,77.72,35.33,44.5,62.07,14.86,9.54,23.13
2016-05-09,205.89,119.24,729.13,679.75,78.22,35.28,43.29,63.09,14.34,9.63,23.07
2016-05-10,208.45,120.5,739.38,703.07,79.2,35.96,44.03,66.1,14.93,9.73,23.4
2016-05-11,206.5,119.52,730.55,713.23,77.3,36.06,43.51,65.67,14.58,9.58,23.15
2016-05-12,206.56,120.28,728.07,717.93,77.89,35.57,43.08,63.78,14.43,9.19,23.16
2016-05-13,204.76,119.81,724.83,709.92,76.83,40.98,43.01,64.46,14.25,9.25,22.88
2016-05-16,206.78,118.67,730.3,710.66,77.8,42.19,44.29,64.9,14.71,9.74,23.0
2016-05-17,204.85,117.35,720.19,695.27,76.79,42.28,44.08,65.79,14.4,9.55,22.87
2016-05-18,204.91,117.65,721.78,697.45,77.43,43.36,43.77,64.17,14.0,9.44,23.27
2016-05-19,204.2,116.81,715.31,698.52,76.88,43.55,42.67,63.25,11.43,9.17,23.05
2016-05-20,205.49,117.35,721.71,702.8,77.67,44.33,43.39,64.53,10.2,8.92,23.21
2016-05-23,205.21,115.97,717.25,696.75,77.21,44.4,42.64,66.87,9.83,8.93,23.19
2016-05-24,207.87,117.7,733.03,704.2,79.38,45.36,45.42,66.07,10.9,8.7,23.54
2016-05-25,209.28,117.89,738.1,708.35,79.06,45.17,44.89,66.9,11.07,8.7,23.79
2016-05-26,209.34,119.47,736.93,714.91,79.0,45.65,44.68,66.6,11.02,8.62,23.65
2016-05-27,210.24,119.38,747.6,712.24,79.66,45.9,45.9,67.32,10.41,8.18,23.81
2016-05-31,209.84,118.81,748.85,722.79,78.94,46.72,45.76,67.74,10.77,7.84,23.75
2016-06-01,210.27,118.78,748.46,719.44,79.22,46.81,44.32,67.06,10.63,7.65,23.8
2016-06-02,210.91,118.93,744.27,728.24,79.95,47.14,44.68,68.63,10.84,7.88,23.85
2016-06-03,210.28,118.47,735.86,725.54,79.94,46.48,43.84,68.16,11.02,7.94,23.51
2016-06-06,211.35,118.79,730.06,726.73,80.54,46.24,44.7,71.46,11.08,7.68,23.65
2016-06-07,211.68,117.76,731.09,723.74,80.6,46.33,44.3,68.63,11.33,7.48,23.6
2016-06-08,212.37,118.39,742.93,726.64,81.65,46.18,42.0,69.24,11.2,7.0,23.62
2016-06-09,212.08,118.56,742.52,727.65,81.26,47.38,41.14,69.47,10.9,6.89,23.45
2016-06-10,210.07,116.62,733.19,717.91,80.18,46.2,39.93,67.22,10.55,6.6,23.16
2016-06-13,208.45,113.95,731.88,715.24,78.4,46.79,39.51,66.11,10.2,6.53,23.0
2016-06-14,208.04,114.94,733.25,719.3,78.57,46.88,40.11,65.07,10.19,6.56,22.66
2016-06-15,207.75,114.6,732.19,714.26,78.17,47.36,39.25,64.84,10.21,6.55,22.69
2016-06-16,208.37,114.39,724.25,717.51,78.35,47.55,39.84,64.39,10.01,6.54,22.75
2016-06-17,206.52,113.02,704.25,706.39,76.99,46.72,38.06,63.08,10.06,6.87,22.61
2016-06-20,207.85,113.37,706.13,714.01,77.34,47.56,39.13,64.66,10.07,7.17,22.74
2016-06-21,208.44,114.38,708.88,715.82,77.33,47.27,39.64,64.51,9.93,6.85,22.87
2016-06-22,208.1,113.91,710.47,710.6,76.53,47.23,40.1,64.74,9.64,6.7,22.85
2016-06-23,210.81,115.08,714.87,722.08,78.23,48.49,40.65,65.98,9.65,6.74,23.33
2016-06-24,203.13,112.08,685.2,698.96,75.05,45.73,39.6,61.87,9.34,6.37,22.08
2016-06-27,199.6,108.97,681.14,691.36,73.34,45.24,37.9,60.03,8.87,6.05,21.45
2016-06-28,203.2,112.7,691.26,707.95,75.16,45.9,39.91,61.15,9.09,6.32,22.0
2016-06-29,206.66,114.16,695.19,715.6,76.74,46.65,40.5,63.89,9.5,6.33,22.5
2016-06-30,209.48,114.28,703.53,715.62,74.17,47.01,41.2,64.3,9.5,6.48,22.86
2016-07-01,209.92,114.19,710.25,725.68,74.48,46.66,41.13,64.61,9.49,6.44,22.74
2016-07-05,208.41,114.0,704.89,728.1,74.67,47.35,40.66,64.3,9.0,6.18,22.4
2016-07-06,209.66,116.7,708.97,737.61,74.06,47.65,40.22,64.98,9.07,6.46,22.46
2016-07-07,209.53,115.85,707.26,736.57,74.51,48.89,40.06,65.61,9.23,6.74,22.49
2016-07-08,212.65,117.24,717.78,745.81,76.42,50.85,40.61,67.13,9.46,7.35,22.92
2016-07-11,213.4,117.87,727.2,753.78,76.52,52.02,41.78,68.2,9.65,6.8,23.05
2016-07-12,214.95,117.93,732.51,748.21,77.48,52.8,41.95,69.72,10.11,6.99,23.34
2016-07-13,214.92,116.78,729.48,742.63,77.46,52.78,42.19,68.59,10.26,6.93,23.34
2016-07-14,216.12,117.29,735.8,741.2,78.14,53.32,43.0,68.53,10.08,7.02,23.56
2016-07-15,215.83,116.86,735.63,735.44,78.3,52.7,43.08,68.26,9.77,7.03,23.52
2016-07-18,216.41,119.37,753.2,736.07,78.31,52.97,43.68,68.74,10.02,6.96,23.6
2016-07-19,216.19,120.61,753.41,739.95,78.72,53.52,43.06,68.55,10.02,6.66,23.61
2016-07-20,217.08,121.92,757.08,745.72,79.36,54.22,43.48,69.29,10.14,6.65,23.65
2016-07-21,216.26,120.61,754.41,744.43,78.79,53.22,43.4,68.69,10.05,6.69,23.53
2016-07-22,217.24,121.0,759.28,744.86,79.91,54.67,43.83,70.09,10.15,6.76,23.68
2016-07-25,216.65,121.63,757.52,739.61,78.94,55.68,43.73,70.06,10.02,6.89,23.63
2016-07-26,216.75,121.22,757.65,735.59,78.49,56.63,44.0,69.94,9.98,7.03,23.65
2016-07-27,216.52,123.34,761.97,736.67,78.53,56.06,43.97,69.85,10.04,6.65,23.64
2016-07-28,216.77,125.0,765.84,752.61,79.19,56.18,43.79,71.23,10.01,6.55,23.69
2016-07-29,217.12,123.94,791.34,758.81,78.05,57.1,43.67,69.97,9.93,6.59,23.65
2016-08-01,216.94,124.31,800.94,767.74,78.26,56.73,43.09,70.45,10.1,6.74,23.59
2016-08-02,215.55,123.09,800.12,760.58,78.28,56.04,42.56,69.41,10.58,6.5,23.39
2016-08-03,216.18,122.51,798.92,754.64,78.71,56.19,42.5,69.49,11.55,6.5,23.63
2016-08-04,216.41,124.36,797.25,760.77,79.48,57.23,42.94,63.59,11.93,7.17,23.57
2016-08-05,218.18,125.15,806.93,765.98,80.14,58.2,43.05,60.81,11.83,6.87,24.02
2016-08-08,218.05,125.26,805.23,766.56,79.95,58.74,43.89,61.84,11.8,6.47,24.05
2016-08-09,218.18,125.06,807.48,768.31,80.06,58.89,45.16,61.1,11.79,6.73,24.07
2016-08-10,217.64,124.88,808.49,768.56,79.68,58.51,45.53,61.25,11.95,6.85,23.88
2016-08-11,218.65,124.9,808.2,771.24,80.12,59.7,45.89,61.59,12.53,6.59,23.93
2016-08-12,218.46,124.88,807.05,772.56,80.02,63.04,46.39,61.7,13.26,6.6,23.86
2016-08-15,219.09,123.9,805.96,768.49,80.91,62.98,46.98,62.13,13.56,6.4,24.02
2016-08-16,217.96,123.3,801.19,764.04,80.81,62.6,46.46,62.0,12.61,6.24,23.96
2016-08-17,218.37,124.37,805.42,764.63,80.84,61.15,46.38,62.05,11.69,6.21,24.04
2016-08-18,218.86,123.91,802.75,764.46,80.27,62.1,46.29,62.23,11.83,6.25,24.02
2016-08-19,218.54,123.56,799.65,757.31,80.47,62.26,46.16,62.0,11.75,6.2,24.01
2016-08-22,218.53,124.15,796.95,759.48,81.06,62.52,45.82,61.8,12.26,6.24,24.01
2016-08-23,218.97,124.37,796.59,762.45,80.8,62.91,45.94,62.64,12.3,6.09,24.04
2016-08-24,217.85,123.48,793.6,757.25,80.29,61.94,45.82,61.93,11.79,5.98,24.03
2016-08-25,217.7,123.89,791.3,759.22,80.32,61.53,46.34,61.9,11.72,5.79,24.08
2016-08-26,217.29,124.96,793.22,769.0,80.57,62.03,47.44,62.37,11.71,5.75,24.11
2016-08-29,218.36,126.54,795.82,771.29,80.87,61.99,47.14,61.94,11.75,5.74,24.32
2016-08-30,218.0,125.84,791.92,767.58,81.17,61.63,47.35,61.25,12.28,5.96,24.54
2016-08-31,217.38,126.12,789.85,769.16,80.9,61.34,47.35,61.0,12.86,5.88,24.56
2016-09-01,217.39,126.17,791.4,770.62,81.3,63.15,48.96,61.32,12.9,5.75,24.46
2016-09-02,218.37,126.51,796.87,772.44,82.0,62.53,47.9,61.2,12.91,5.9,24.57
2016-09-06,219.03,129.73,808.02,788.87,82.53,63.12,45.96,61.52,13.28,5.99,24.53
2016-09-07,219.01,131.05,807.99,784.48,83.24,62.19,44.95,62.16,13.0,6.08,24.52
2016-09-08,218.51,130.27,802.84,784.06,82.97,62.64,45.36,61.8,12.86,6.23,24.5
2016-09-09,213.28,127.1,788.48,760.14,81.33,59.52,44.14,61.72,12.5,5.99,24.04
2016-09-12,216.34,128.69,798.82,771.49,82.97,60.75,44.32,63.61,12.85,5.87,24.31
2016-09-13,213.23,127.21,788.72,761.01,81.89,59.87,43.08,63.04,12.0,5.61,23.88
2016-09-14,213.15,127.77,790.46,761.09,81.49,60.4,42.83,61.81,12.2,5.7,23.82
2016-09-15,215.28,128.35,801.23,769.69,82.01,62.69,43.75,61.82,12.4,5.74,23.96
2016-09-16,213.37,129.07,797.97,778.52,82.07,62.84,43.67,61.29,12.46,5.73,23.62
2016-09-19,213.41,128.65,795.39,775.1,82.51,63.67,43.77,60.0,12.95,5.84,19.31
2016-09-20,213.42,128.64,799.78,780.22,82.48,63.09,44.09,60.25,12.76,5.92,19.32
2016-09-21,215.82,129.94,805.03,789.74,83.22,64.86,45.33,60.54,13.26,5.68,19.44
2016-09-22,217.18,130.08,815.95,804.7,83.36,65.02,46.1,61.36,13.66,5.9,19.48
2016-09-23,215.99,127.96,814.96,805.75,82.54,64.95,46.02,61.87,12.82,5.85,19.38
2016-09-26,214.24,127.31,802.65,799.16,81.81,64.34,45.55,61.89,12.51,5.72,19.07
2016-09-27,215.57,128.69,810.73,816.11,82.16,66.54,46.25,64.26,12.96,5.84,19.22
2016-09-28,216.64,129.23,810.06,828.72,82.97,66.78,46.95,64.08,12.7,5.84,19.31
2016-09-29,214.68,128.09,802.64,829.05,81.92,67.4,46.79,63.0,12.45,5.69,19.04
2016-09-30,216.3,128.27,804.06,837.31,82.7,68.52,46.57,63.18,12.46,5.79,19.3
2016-10-03,215.78,128.77,800.38,836.74,82.86,68.45,46.95,63.35,12.76,6.04,19.21
2016-10-04,214.68,128.19,802.79,834.03,82.73,68.3,47.03,64.42,13.01,6.02,19.29
2016-10-05,215.63,128.47,801.23,844.36,83.35,68.23,47.45,65.87,13.43,6.35,19.6
2016-10-06,215.78,128.74,803.08,841.66,83.36,67.34,47.59,64.84,13.34,5.92,19.63
2016-10-07,215.04,128.99,800.71,839.43,82.88,66.85,47.08,64.0,12.5,5.98,19.62
2016-10-10,216.16,130.24,814.17,841.71,83.12,67.1,48.16,64.6,12.77,6.16,19.72
2016-10-11,213.43,128.88,809.57,831.0,82.04,66.13,46.77,63.43,12.35,6.0,19.54
2016-10-12,213.71,129.05,811.77,834.09,82.25,66.43,46.35,62.99,12.34,5.97,19.52
2016-10-13,213.01,127.82,804.08,829.28,81.87,65.35,46.31,62.24,11.95,5.65,19.33
2016-10-14,213.12,127.88,804.6,822.96,82.45,65.99,46.57,61.31,11.89,5.55,19.42
2016-10-17,212.38,127.54,806.84,812.95,82.15,65.61,46.29,61.46,11.58,5.55,19.33
2016-10-18,213.71,128.57,821.49,817.65,81.58,66.61,47.06,63.19,11.52,5.7,19.49
2016-10-19,214.28,130.11,827.09,817.69,82.81,66.47,47.24,63.87,11.65,5.7,19.66
2016-10-20,213.88,130.0,821.63,810.32,82.5,67.73,47.25,62.03,11.76,5.55,19.66
2016-10-21,213.98,132.07,824.06,818.99,82.35,67.54,47.61,62.96,11.67,5.25,19.65
2016-10-24,214.89,133.28,835.74,838.09,83.17,70.71,48.2,63.83,11.69,5.4,19.71
2016-10-25,214.17,132.29,828.55,835.18,82.03,71.87,48.0,63.53,11.72,5.05,19.69
2016-10-26,213.74,131.04,822.1,822.59,81.75,72.16,46.69,61.75,11.52,4.45,19.81
2016-10-27,213.17,129.69,817.35,818.36,81.92,70.68,45.47,61.85,10.92,3.2,19.86
2016-10-28,212.54,131.29,819.56,776.32,82.22,70.56,44.73,64.34,10.89,3.0,19.77
2016-10-31,212.55,130.99,809.9,789.82,82.51,71.16,44.15,64.48,10.7,3.25,19.74
2016-11-01,211.01,129.5,805.48,785.41,81.62,69.05,43.41,63.47,10.46,2.64,19.66
2016-11-02,209.74,127.17,788.42,765.56,80.58,68.76,42.34,61.63,9.89,2.8,19.53
2016-11-03,208.78,120.0,782.19,767.03,80.65,67.96,42.45,62.74,9.52,2.75,19.55
2016-11-04,208.55,120.75,781.1,755.05,80.36,67.57,42.44,63.64,9.32,2.7,19.49
2016-11-07,213.15,122.15,802.03,784.93,82.51,71.27,43.54,63.43,9.81,2.75,19.98
2016-11-08,214.11,124.22,811.98,787.75,82.88,71.16,43.57,63.1,9.7,2.7,19.99
2016-11-09,216.38,123.18,805.59,771.88,83.24,69.96,42.29,52.63,10.05,2.65,20.84
2016-11-10,216.92,120.8,780.29,742.38,81.87,67.77,40.98,51.83,9.98,2.6,21.61
2016-11-11,216.42,119.02,771.75,739.01,81.88,87.97,41.1,51.01,9.5,2.65,21.67
2016-11-14,216.59,115.08,753.22,719.07,78.38,83.64,40.62,48.8,9.69,2.8,22.2
2016-11-15,218.28,117.2,775.16,743.24,78.57,86.19,42.02,50.02,10.0,2.75,22.18
2016-11-16,217.87,116.34,779.98,746.49,80.08,91.63,42.16,50.4,10.2,2.9,21.86
2016-11-17,218.99,117.79,786.16,756.4,81.07,92.39,42.31,50.97,10.5,2.8,22.16
2016-11-18,218.5,117.02,775.97,760.16,80.82,93.36,42.02,50.79,10.6,2.65,22.16
2016-11-21,220.15,121.77,784.8,780.0,81.69,92.98,42.26,51.68,11.2,2.65,22.24
2016-11-22,220.58,121.47,785.0,785.33,79.93,93.65,41.87,51.34,10.79,2.8,22.25
2016-11-23,220.7,120.84,779.0,780.12,79.57,93.97,40.99,50.79,10.8,2.65,22.38
2016-11-25,221.52,120.38,780.23,780.37,80.13,94.16,45.01,51.17,10.74,2.7,22.41
2016-11-28,220.48,120.41,785.79,766.77,79.08,94.11,44.74,50.18,10.48,2.85,22.15
2016-11-29,220.91,120.87,789.44,762.52,79.15,93.25,45.87,49.3,10.16,2.75,22.21
2016-11-30,220.38,118.42,775.88,750.57,77.32,92.2,45.23,48.28,10.16,2.75,22.51
2016-12-01,219.57,115.1,764.33,743.65,75.43,87.64,44.83,47.16,9.91,2.7,22.9
2016-12-02,219.68,115.4,764.46,740.34,75.72,88.45,44.01,46.46,9.9,2.7,22.65
2016-12-05,221.0,117.43,778.22,759.36,77.31,91.88,42.97,47.98,10.0,2.8,22.92
2016-12-06,221.7,117.31,776.18,764.72,77.11,93.39,42.38,48.17,9.99,2.85,23.12
2016-12-07,224.6,117.95,791.47,770.42,79.31,95.07,42.85,47.6,10.16,2.85,23.48
2016-12-08,225.15,118.91,795.17,767.33,79.28,93.48,43.17,48.06,10.06,2.95,23.7
2016-12-09,226.51,119.68,809.45,768.66,79.14,91.82,43.43,49.23,10.04,2.95,23.75
2016-12-12,226.25,117.77,807.9,760.12,78.5,89.59,42.62,48.71,10.15,3.0,23.52
2016-12-13,227.76,120.31,815.34,774.34,79.2,91.17,42.61,49.03,10.08,2.75,23.58
2016-12-14,225.88,120.21,817.89,768.82,79.13,96.45,41.97,47.62,9.94,2.85,23.47
2016-12-15,226.81,120.57,815.65,761.0,79.5,98.71,41.33,47.38,9.4,2.75,23.67
2016-12-16,225.04,119.87,809.84,757.77,78.35,100.41,41.0,47.37,9.49,2.8,23.36
2016-12-19,225.53,119.24,812.5,766.0,78.1,101.63,40.86,46.45,9.4,3.05,23.37
2016-12-20,226.4,119.09,815.2,771.22,78.36,105.17,40.81,48.79,9.33,3.0,23.66
2016-12-21,225.77,119.04,812.2,770.6,78.14,105.83,40.7,46.28,9.21,2.95,23.6
2016-12-22,225.38,117.4,809.68,766.34,77.9,107.11,40.07,46.39,8.97,2.9,23.54
2016-12-23,225.71,117.27,807.8,760.59,78.15,109.78,39.98,46.54,9.16,3.0,23.58
2016-12-27,226.27,118.01,809.93,771.4,78.35,117.32,40.15,47.29,9.56,2.9,23.61
2016-12-28,224.4,116.92,804.57,772.13,78.3,109.25,39.97,46.85,9.4,2.9,23.37
2016-12-29,224.35,116.35,802.88,765.15,78.33,111.43,39.99,46.95,9.54,2.8,23.2
2016-12-30,223.53,115.05,792.45,749.87,78.02,106.74,40.0,46.37,9.56,2.8,23.25
2017-01-03,225.24,116.86,808.01,753.67,79.5,102.01,40.49,47.51,9.7,3.0,23.51
2017-01-04,226.58,118.69,807.77,757.18,80.15,104.39,41.34,48.86,9.62,3.12,23.7
2017-01-05,226.4,120.67,813.02,780.45,81.09,101.74,42.8,49.2,9.42,3.05,23.46
2017-01-06,227.21,123.41,825.21,795.99,82.21,103.1,42.5,50.77,9.39,3.05,23.54
2017-01-09,226.46,124.9,827.18,796.92,81.75,107.28,43.24,50.92,9.96,2.8,23.38
2017-01-10,226.46,124.35,826.01,795.9,81.31,106.47,43.71,51.31,9.8,2.8,23.43
2017-01-11,227.1,126.09,829.86,799.02,81.8,105.16,43.97,51.66,10.19,2.75,23.58
2017-01-12,226.53,126.62,829.53,813.64,81.37,103.44,43.36,51.88,10.14,2.75,23.38
2017-01-13,227.05,128.34,830.94,817.14,81.17,103.43,43.53,52.92,10.3,2.6,23.51
2017-01-17,226.25,127.87,827.46,809.72,81.26,101.11,44.17,52.6,10.49,2.6,22.95
2017-01-18,226.75,127.92,829.02,807.48,81.59,102.95,43.99,52.88,10.39,2.7,23.14
2017-01-19,225.91,127.55,824.37,809.04,81.73,105.16,43.54,52.16,9.95,2.65,23.04
2017-01-20,226.74,127.04,828.17,808.33,81.84,104.01,43.36,51.85,10.01,2.6,23.15
2017-01-23,226.15,128.93,844.43,817.88,82.15,105.09,43.29,51.39,10.21,2.45,23.0
2017-01-24,227.6,129.37,849.53,822.44,83.23,107.33,43.88,52.13,10.09,2.4,23.29
2017-01-25,229.57,131.48,858.45,836.52,83.9,107.79,43.62,52.65,10.02,2.45,23.68
2017-01-26,229.33,132.78,856.98,839.15,83.24,109.65,43.38,52.18,9.8,2.3,23.74
2017-01-27,228.97,132.18,845.03,835.77,83.77,111.77,43.4,52.0,9.68,2.3,23.65
2017-01-30,227.55,130.98,823.83,830.38,83.7,110.02,43.4,52.25,9.55,2.15,23.46
2017-01-31,227.53,130.32,820.19,823.48,82.71,109.18,43.21,52.9,9.88,2.15,23.31
2017-02-01,227.62,133.23,815.24,832.35,82.44,113.95,43.01,51.87,9.96,2.0,23.34
2017-02-02,227.77,130.84,818.26,839.95,82.3,115.39,42.79,52.06,10.05,2.1,23.25
2017-02-03,229.34,130.98,820.13,810.2,86.08,114.38,42.9,52.61,10.21,2.25,23.72
2017-02-06,228.93,132.06,821.62,807.64,85.83,117.31,43.05,51.96,10.27,2.15,23.61
2017-02-07,228.94,131.84,829.23,812.5,85.78,119.13,42.91,51.96,10.33,2.15,23.55
2017-02-08,229.24,134.2,829.88,819.71,85.09,118.61,43.11,51.89,9.54,2.05,23.39
2017-02-09,230.6,134.14,830.06,821.36,85.58,116.38,43.39,52.51,9.45,2.05,23.71
2017-02-10,231.51,134.19,834.85,827.46,85.9,113.62,44.49,52.0,9.95,1.95,23.78
2017-02-13,232.77,134.05,838.96,836.53,86.44,108.38,44.95,51.39,10.0,1.95,24.05
2017-02-14,233.7,133.85,840.03,836.39,86.85,108.78,45.07,52.19,9.94,2.0,24.33
2017-02-15,234.92,133.44,837.32,842.7,87.54,109.0,45.46,52.7,10.0,2.02,24.52
2017-02-16,234.72,133.84,842.17,844.14,87.41,107.25,45.51,46.92,10.0,2.3,24.46
2017-02-17,235.09,133.53,846.55,845.07,87.46,107.23,45.63,47.06,10.03,2.5,24.47
2017-02-21,236.49,133.72,849.27,856.44,87.92,111.07,47.06,46.84,9.81,2.3,24.59
2017-02-22,236.28,136.12,851.36,855.61,87.8,110.76,47.59,45.55,9.69,2.35,24.61
2017-02-23,236.44,135.36,851.0,852.19,88.18,100.49,48.28,43.46,9.72,2.25,24.61
2017-02-24,236.74,135.44,847.81,845.24,88.43,101.46,48.54,42.62,9.65,2.3,24.42
2017-02-27,237.11,136.41,849.67,848.64,88.0,104.41,48.28,42.81,9.75,2.25,24.55
2017-02-28,236.47,135.54,844.93,845.04,87.94,101.48,47.44,41.47,10.01,2.3,24.54
2017-03-01,239.78,137.42,856.75,853.08,88.99,102.79,47.87,41.47,10.1,2.15,25.24
2017-03-02,238.27,136.76,849.85,848.91,88.53,99.0,47.67,40.82,10.0,2.15,24.85
2017-03-03,238.42,137.17,849.08,849.88,88.79,98.43,47.82,41.74,10.05,2.1,24.97
2017-03-06,237.71,137.42,847.27,846.61,88.94,97.67,47.51,41.6,9.93,2.05,24.78
2017-03-07,237.0,137.3,851.15,846.02,89.06,98.74,47.45,41.31,9.63,2.0,24.71
2017-03-08,236.56,137.72,853.64,850.5,88.96,98.56,47.35,43.83,9.96,1.95,24.72
2017-03-09,236.86,138.24,857.84,853.0,89.11,98.54,47.17,43.59,10.11,2.05,24.81
2017-03-10,237.69,138.79,861.4,852.46,89.73,99.12,48.27,43.6,11.54,1.95,24.79
2017-03-13,237.81,139.6,864.58,854.59,90.11,101.85,48.99,43.51,12.67,2.02,24.85
2017-03-14,236.9,139.32,865.91,852.53,89.55,101.78,49.37,42.26,12.64,1.95,24.78
2017-03-15,238.95,139.72,868.39,852.97,89.92,102.55,48.66,42.71,12.85,1.95,24.74
2017-03-16,238.48,139.99,870.0,853.42,90.04,103.81,49.0,43.07,13.07,1.95,24.78
2017-03-17,237.03,139.84,872.37,852.31,90.24,106.07,49.06,43.27,13.07,1.95,24.45
2017-03-20,236.77,139.94,867.91,856.97,89.18,109.45,49.76,43.0,12.36,1.98,24.27
2017-03-21,233.73,138.51,850.14,843.2,88.06,105.91,48.04,41.71,11.07,1.95,23.57
2017-03-22,234.28,139.59,849.8,848.06,88.52,108.07,48.2,41.4,11.36,1.9,23.52
2017-03-23,234.03,139.53,839.65,847.38,88.86,107.09,48.62,42.52,11.33,1.88,23.57
2017-03-24,233.86,140.34,835.14,845.61,89.19,107.47,49.18,42.69,11.5,1.95,23.54
2017-03-27,233.62,140.32,838.51,846.82,88.95,108.25,49.29,42.66,10.97,2.05,23.45
2017-03-28,235.32,141.76,840.63,856.0,89.12,107.69,49.53,43.13,10.76,2.05,23.77
2017-03-29,235.54,142.65,849.87,874.32,89.18,107.34,49.69,43.65,10.51,2.05,23.62
2017-03-30,236.29,142.41,849.48,876.34,89.01,109.4,49.69,43.31,10.4,2.05,23.93
2017-03-31,235.74,142.05,847.8,886.54,88.87,108.93,49.15,43.16,10.74,2.1,23.73
2017-04-03,235.33,142.28,856.75,891.51,89.36,108.38,49.52,42.77,10.96,2.05,23.68
2017-04-04,235.48,141.73,852.57,906.83,88.78,100.78,49.39,41.64,10.65,1.9,23.65
2017-04-05,234.78,141.85,848.91,909.28,89.03,100.03,48.99,41.76,10.55,1.9,23.47
2017-04-06,235.44,141.17,845.1,898.28,89.09,100.76,49.13,42.3,10.64,1.95,23.62
2017-04-07,235.2,140.78,842.1,894.88,88.74,100.33,50.09,42.06,10.79,1.95,23.52
2017-04-10,235.34,141.04,841.7,907.04,88.86,97.77,49.85,42.24,10.94,1.9,23.46
2017-04-11,235.06,139.92,839.88,902.36,88.85,98.12,48.9,41.45,10.42,1.95,23.39
2017-04-12,234.03,139.58,841.46,896.23,88.68,97.31,48.59,41.5,10.24,1.95,23.2
2017-04-13,232.51,139.39,840.18,884.67,88.87,95.49,48.29,41.36,10.22,2.05,22.9
2017-04-17,234.57,141.42,855.13,901.99,89.81,99.23,48.61,41.77,10.04,2.05,23.3
2017-04-18,233.87,140.96,853.99,903.78,89.73,99.29,48.98,41.97,10.08,2.0,23.08
2017-04-19,233.44,142.27,856.51,899.2,89.75,99.68,47.15,42.03,10.37,1.95,23.01
2017-04-20,235.34,143.8,860.08,902.06,91.15,101.26,47.02,42.71,10.74,1.85,23.4
2017-04-21,234.59,143.68,858.95,898.53,91.15,101.68,47.16,42.65,10.83,1.8,23.16
2017-04-24,237.17,145.47,878.93,907.41,91.85,102.95,47.55,43.34,10.72,1.75,23.68
2017-04-25,238.55,146.49,888.84,907.62,92.11,104.74,49.1,43.65,10.88,1.7,23.89
2017-04-26,238.4,146.56,889.14,909.29,91.82,104.02,49.64,44.5,10.53,1.65,23.87
2017-04-27,238.6,147.7,891.44,918.38,91.6,105.64,50.24,45.1,10.65,1.45,23.76
2017-04-28,238.08,150.25,924.52,924.99,91.22,104.3,50.51,45.01,10.54,1.48,23.53
2017-05-01,238.68,152.46,932.82,948.23,91.26,106.64,52.08,44.96,10.91,1.48,23.68
2017-05-02,238.77,152.78,937.09,946.94,92.54,103.48,52.38,46.1,11.14,1.4,23.65
2017-05-03,238.48,151.8,948.45,941.03,92.44,104.25,52.31,45.11,10.85,1.4,23.84
2017-05-04,238.76,150.85,954.72,937.53,92.62,103.85,52.2,45.89,10.85,1.5,23.88
2017-05-05,239.7,150.24,950.28,934.15,92.09,103.86,52.68,46.17,10.85,1.5,23.84
2017-05-08,239.66,151.06,958.69,949.04,91.92,102.77,52.97,47.03,10.73,1.4,23.82
2017-05-09,239.44,150.48,956.71,952.82,92.0,102.94,55.33,46.92,11.26,1.25,23.73
2017-05-10,239.87,150.29,954.84,948.95,92.25,121.29,56.13,47.99,11.29,1.2,23.81
2017-05-11,239.38,150.04,955.89,947.62,92.1,126.5,54.15,45.63,11.14,1.3,23.66
2017-05-12,238.98,150.33,955.14,961.35,92.73,127.89,55.33,46.25,11.13,1.18,23.56
2017-05-15,240.3,150.19,959.22,957.97,93.23,134.31,55.16,46.67,11.48,1.25,23.74
2017-05-16,240.08,149.78,964.61,966.07,93.15,136.81,56.43,45.62,11.17,1.25,23.81
2017-05-17,235.82,144.85,942.17,944.76,91.76,127.72,54.89,43.97,10.35,1.2,23.06
2017-05-18,236.77,147.66,950.5,958.49,91.71,133.07,55.47,44.61,10.37,1.25,23.15
2017-05-19,238.31,148.06,954.65,959.84,92.48,136.0,56.15,44.08,10.55,1.2,23.35
