Date,Close,200d,50d,20d,5d,Long Term,Medium Term,Short Term
2012-12-31,37.9,,,,,hold,hold,hold
2013-01-02,38.84,,,,,hold,hold,hold
2013-01-03,38.88,,,,,hold,hold,hold
2013-01-04,39.19,,,,,hold,hold,hold
2013-01-07,39.47,,,,38.856,hold,hold,hold
2013-01-08,39.84,,,,39.244,hold,hold,hold
2013-01-09,40.45,,,,39.566,hold,hold,hold
2013-01-10,40.13,,,,39.816,hold,hold,hold
2013-01-11,40.29,,,,40.036,hold,hold,hold
2013-01-14,40.16,,,,40.174,hold,hold,hold
2013-01-15,40.11,,,,40.228,hold,hold,hold
2013-01-16,40.05,,,,40.148,hold,hold,hold
2013-01-17,39.97,,,,40.116,hold,hold,hold
2013-01-18,39.57,,,,39.972,hold,hold,hold
2013-01-22,39.76,,,,39.892,hold,hold,hold
2013-01-23,39.76,,,,39.822,hold,hold,hold
2013-01-24,39.89,,,,39.79,hold,hold,hold
2013-01-25,39.96,,,,39.788,hold,hold,hold
2013-01-28,39.09,,,,39.692,hold,hold,hold
2013-01-29,39.16,,,39.6235,39.572,hold,hold,sell
2013-01-30,38.75,,,39.666,39.37,hold,hold,sell
2013-01-31,39.48,,,39.698,39.288,hold,hold,sell
2013-02-01,39.64,,,39.736,39.224,hold,hold,sell
2013-02-04,39.16,,,39.7345,39.238,hold,hold,sell
2013-02-05,39.88,,,39.755,39.382,hold,hold,hold
2013-02-06,40.2,,,39.773,39.672,hold,hold,hold
2013-02-07,39.26,,,39.7135,39.628,hold,hold,sell
2013-02-08,39.45,,,39.6795,39.59,hold,hold,sell
2013-02-11,39.08,,,39.619,39.574,hold,hold,sell
2013-02-12,39.2,,,39.571,39.438,hold,hold,sell
2013-02-13,38.69,,,39.5,39.136,hold,hold,sell
2013-02-14,39.0,,,39.4475,39.084,hold,hold,sell
2013-02-15,39.5,,,39.424,39.094,hold,hold,hold
2013-02-19,39.4,,,39.4155,39.158,hold,hold,sell
2013-02-20,38.86,,,39.3705,39.09,hold,hold,sell
2013-02-21,39.36,,,39.3505,39.224,hold,hold,hold
2013-02-22,39.86,,,39.349,39.396,hold,hold,buy
2013-02-25,38.97,,,39.2995,39.29,hold,hold,sell
2013-02-26,39.46,,,39.318,39.302,hold,hold,hold
2013-02-27,39.97,,,39.3585,39.524,hold,hold,buy
2013-02-28,39.66,,,39.404,39.584,hold,hold,buy
2013-03-01,39.52,,,39.406,39.516,hold,hold,buy
2013-03-04,39.88,,,39.418,39.698,hold,hold,buy
2013-03-05,40.07,,,39.4635,39.82,hold,hold,buy
2013-03-06,40.26,,,39.4825,39.878,hold,hold,buy
2013-03-07,40.13,,,39.479,39.972,hold,hold,buy
2013-03-08,40.17,,,39.5245,40.102,hold,hold,buy
2013-03-11,40.3,,,39.567,40.186,hold,hold,buy
2013-03-12,39.95,,,39.6105,40.162,hold,hold,buy
2013-03-13,39.84,,39.5884,39.6425,40.078,hold,buy,buy
2013-03-14,40.16,,39.6336,39.716,40.084,hold,buy,buy
2013-03-15,39.64,,39.6496,39.748,39.978,hold,hold,hold
2013-03-18,39.52,,39.6624,39.749,39.822,hold,hold,hold
2013-03-19,39.0,,39.6586,39.729,39.632,hold,hold,sell
2013-03-20,39.83,,39.6658,39.7775,39.63,hold,buy,hold
2013-03-21,39.45,,39.658,39.782,39.488,hold,hold,sell
2013-03-22,40.02,,39.6494,39.79,39.564,hold,buy,hold
2013-03-25,41.0,,39.6668,39.8915,39.86,hold,buy,hold
2013-03-26,41.86,,39.6982,40.0115,40.432,hold,buy,buy
2013-03-27,42.16,,39.7382,40.121,40.898,hold,buy,buy
2013-03-28,42.46,,39.7852,40.261,41.5,hold,buy,buy
2013-04-01,41.84,,39.821,40.377,41.864,hold,buy,buy
2013-04-02,41.99,,39.8614,40.4825,42.062,hold,buy,buy
2013-04-03,41.19,,39.8938,40.5385,41.928,hold,buy,buy
2013-04-04,41.62,,39.931,40.6065,41.82,hold,buy,buy
2013-04-05,41.29,,39.9616,40.6645,41.586,hold,buy,buy
2013-04-08,41.57,,39.9952,40.7345,41.532,hold,buy,buy
2013-04-09,41.19,,40.0198,40.779,41.372,hold,buy,buy
2013-04-10,41.75,,40.073,40.869,41.484,hold,buy,buy
2013-04-11,41.9,,40.1278,40.972,41.54,hold,buy,buy
2013-04-12,41.44,,40.1816,41.036,41.57,hold,buy,buy
2013-04-15,40.32,,40.1984,41.07,41.32,hold,buy,hold
2013-04-16,41.18,,40.2292,41.153,41.318,hold,buy,buy
2013-04-17,40.56,,40.2572,41.231,41.08,hold,buy,sell
2013-04-18,40.35,,40.2666,41.257,40.77,hold,buy,sell
2013-04-19,40.99,,40.2824,41.334,40.68,hold,buy,sell
2013-04-22,40.88,,40.3148,41.377,40.792,hold,buy,sell
2013-04-23,41.42,,40.3542,41.398,40.84,hold,buy,hold
2013-04-24,41.76,,40.4078,41.393,41.08,hold,buy,hold
2013-04-25,42.19,,40.4676,41.3945,41.448,hold,buy,buy
2013-04-26,41.81,,40.53,41.362,41.612,hold,buy,buy
2013-04-29,41.98,,40.5896,41.369,41.832,hold,buy,buy
2013-04-30,42.12,,40.642,41.3755,41.972,hold,buy,buy
2013-05-01,41.5,,40.684,41.391,41.92,hold,buy,buy
2013-05-02,43.85,,40.7838,41.5025,42.252,hold,buy,buy
2013-05-03,44.88,,40.8942,41.682,42.866,hold,buy,buy
2013-05-06,44.72,,40.9914,41.8395,43.414,hold,buy,buy
2013-05-07,44.95,,41.111,42.0275,43.98,hold,buy,buy
2013-05-08,44.82,,41.2182,42.181,44.644,hold,buy,buy
2013-05-09,44.64,,41.3116,42.318,44.802,hold,buy,buy
2013-05-10,44.69,,41.4122,42.4805,44.764,hold,buy,buy
2013-05-13,44.73,,41.5164,42.701,44.766,hold,buy,buy
2013-05-14,45.08,,41.6204,42.896,44.792,hold,buy,buy
2013-05-15,45.44,,41.7278,43.14,44.916,hold,buy,buy
2013-05-16,44.95,,41.8216,43.37,44.978,hold,buy,buy
2013-05-17,46.14,,41.9418,43.6275,45.268,hold,buy,buy
2013-05-20,45.4,,42.0464,43.8535,45.402,hold,buy,buy
2013-05-21,45.39,,42.1482,44.052,45.464,hold,buy,buy
2013-05-22,45.04,,42.25,44.216,45.384,hold,buy,buy
2013-05-23,44.52,,42.3436,44.3325,45.298,hold,buy,buy
2013-05-24,45.11,,42.4426,44.4975,45.092,hold,buy,buy
2013-05-28,45.01,,42.55,44.649,45.014,hold,buy,buy
2013-05-29,44.54,,42.6504,44.77,44.844,hold,buy,hold
2013-05-30,45.26,,42.7756,44.958,44.888,hold,buy,hold
2013-05-31,44.54,,42.8698,44.9925,44.892,hold,buy,sell
2013-06-03,45.05,,42.9818,45.001,44.88,hold,buy,hold
2013-06-04,45.05,,43.0824,45.0175,44.888,hold,buy,hold
2013-06-05,44.3,,43.1484,44.985,44.84,hold,buy,sell
2013-06-06,44.84,,43.208,44.986,44.756,hold,buy,sell
2013-06-07,44.98,,43.2644,45.003,44.844,hold,buy,sell
2013-06-10,45.58,,43.3268,45.0475,44.95,hold,buy,hold
2013-06-11,44.92,,43.3884,45.057,44.924,hold,buy,sell
2013-06-12,44.79,,43.4444,45.0425,45.022,hold,buy,sell
2013-06-13,45.56,,43.5318,45.0485,45.166,hold,buy,buy
2013-06-14,45.23,,43.604,45.0625,45.216,hold,buy,buy
2013-06-17,45.59,,43.69,45.035,45.218,hold,buy,buy
2013-06-18,46.0,,43.7786,45.065,45.434,hold,buy,buy
2013-06-19,45.66,,43.868,45.0785,45.608,hold,buy,buy
2013-06-20,44.62,,43.9254,45.0575,45.42,hold,buy,hold
2013-06-21,44.88,,43.985,45.0755,45.35,hold,buy,hold
2013-06-24,44.57,,44.0476,45.0485,45.146,hold,buy,hold
2013-06-25,45.12,,44.1436,45.054,44.97,hold,buy,hold
2013-06-26,45.66,,44.2332,45.11,44.97,hold,buy,hold
2013-06-27,46.06,,44.3432,45.15,45.258,hold,buy,buy
2013-06-28,45.69,,44.45,45.2075,45.42,hold,buy,buy
2013-07-01,46.3,,44.5562,45.27,45.766,hold,buy,buy
2013-07-02,46.31,,44.6648,45.333,46.004,hold,buy,buy
2013-07-03,46.76,,44.7716,45.456,46.224,hold,buy,buy
2013-07-05,47.7,,44.8904,45.599,46.552,hold,buy,buy
2013-07-08,47.02,,44.987,45.701,46.818,hold,buy,buy
2013-07-09,46.8,,45.0868,45.762,46.918,hold,buy,buy
2013-07-10,46.68,,45.1808,45.85,46.992,hold,buy,buy
2013-07-11,47.49,,45.2882,45.985,47.138,hold,buy,buy
2013-07-12,47.68,,45.4118,46.091,47.134,hold,buy,buy
2013-07-15,47.56,,45.486,46.2075,47.242,hold,buy,buy
2013-07-16,47.34,,45.5352,46.295,47.35,hold,buy,buy
2013-07-17,47.41,,45.589,46.3655,47.496,hold,buy,buy
2013-07-18,47.75,,45.645,46.47,47.548,hold,buy,buy
2013-07-19,47.48,,45.6982,46.613,47.508,hold,buy,buy
2013-07-22,47.8,,45.7614,46.759,47.556,hold,buy,buy
2013-07-23,47.14,,45.8104,46.8875,47.516,hold,buy,buy
2013-07-24,46.69,,45.8496,46.966,47.372,hold,buy,hold
2013-07-25,48.65,,45.921,47.1155,47.552,hold,buy,buy
2013-07-26,48.3,,45.9782,47.2275,47.716,hold,buy,buy
2013-07-29,47.99,,46.039,47.3425,47.754,hold,buy,buy
2013-07-30,47.86,,46.0734,47.4205,47.898,hold,buy,buy
2013-07-31,44.25,,46.0504,47.3175,47.41,hold,hold,hold
2013-08-01,44.79,,46.0384,47.219,46.638,hold,hold,sell
2013-08-02,46.0,,46.0576,47.134,46.178,hold,hold,sell
2013-08-05,46.14,,46.09,47.09,45.808,hold,buy,sell
2013-08-06,45.72,,46.1022,47.036,45.38,hold,hold,sell
2013-08-07,45.35,,46.109,46.9695,45.6,hold,hold,sell
2013-08-08,45.2,,46.1222,46.855,45.682,hold,hold,sell
2013-08-09,44.95,,46.116,46.7185,45.472,hold,hold,sell
2013-08-12,44.94,,46.124,46.5875,45.232,hold,hold,sell
2013-08-13,44.81,,46.1192,46.461,45.05,hold,hold,sell
2013-08-14,44.59,,46.11,46.32,44.898,hold,hold,sell
2013-08-15,43.48,,46.0936,46.1065,44.554,hold,hold,sell
2013-08-16,43.28,,46.0624,45.8965,44.22,hold,sell,sell
2013-08-19,43.74,,46.0376,45.6935,43.98,hold,sell,sell
2013-08-20,43.3,,45.992,45.5015,43.678,hold,sell,sell
2013-08-21,44.6,,45.9856,45.397,43.68,hold,sell,sell
2013-08-22,44.73,,45.9844,45.201,43.93,hold,sell,sell
2013-08-23,44.78,,45.9688,45.025,44.23,hold,sell,sell
2013-08-26,43.75,,45.9392,44.813,44.232,hold,sell,sell
2013-08-27,43.54,,45.8982,44.597,44.28,hold,sell,sell
2013-08-28,43.8,,45.8542,44.5745,44.12,hold,sell,sell
2013-08-29,43.84,,45.8178,44.527,43.942,hold,sell,sell
2013-08-30,43.6,,45.7974,44.407,43.706,hold,sell,sell
2013-09-03,44.26,,45.785,44.313,43.808,hold,sell,sell
2013-09-04,44.05,,45.7746,44.2295,43.91,hold,sell,sell
2013-09-05,44.05,,45.7532,44.1645,43.96,hold,sell,sell
2013-09-06,44.17,,45.7234,44.113,44.026,hold,sell,hold
2013-09-09,44.64,,45.695,44.0975,44.234,hold,sell,buy
2013-09-10,46.15,,45.7042,44.158,44.612,hold,hold,buy
2013-09-11,46.58,,45.7098,44.2465,45.118,hold,hold,buy
2013-09-12,46.26,,45.7088,44.33,45.56,hold,hold,buy
2013-09-13,47.25,,45.7186,44.5185,46.176,hold,hold,buy
2013-09-16,47.34,,45.7114,44.7215,46.716,hold,hold,buy
2013-09-17,47.9,,45.729,44.9295,47.066,hold,hold,buy
2013-09-18,48.41,,45.7612,45.185,47.432,hold,hold,buy
2013-09-19,48.68,,45.8012,45.389,47.916,hold,hold,buy
2013-09-20,49.71,,45.8456,45.638,48.408,hold,hold,buy
2013-09-23,49.06,,45.8732,45.852,48.752,hold,hold,buy
2013-09-24,48.34,,45.8888,46.0815,48.84,hold,buy,buy
2013-09-25,47.89,,45.8998,46.299,48.736,hold,buy,buy
2013-09-26,48.39,,45.9194,46.5285,48.678,hold,buy,buy
2013-09-27,48.26,,45.9296,46.7495,48.388,hold,buy,buy
2013-09-30,47.78,,45.9356,46.9585,48.132,hold,buy,buy
2013-10-01,48.3,,45.9456,47.1605,48.124,hold,buy,buy
2013-10-02,47.96,,45.962,47.356,48.138,hold,buy,buy
2013-10-03,47.16,,45.9714,47.5115,47.892,hold,buy,hold
2013-10-04,47.62,,45.9508,47.684,47.764,hold,buy,hold
2013-10-07,46.58,,45.9164,47.781,47.524,hold,buy,sell
2013-10-08,45.63,,45.8692,47.755,46.99,hold,hold,sell
2013-10-09,45.96,,45.8312,47.724,46.59,hold,buy,sell
2013-10-10,47.26,,45.8914,47.774,46.61,hold,buy,sell
2013-10-11,48.0,,45.9556,47.8115,46.686,hold,buy,hold
2013-10-14,48.36,,46.0028,47.8625,47.042,hold,buy,hold
2013-10-15,47.84,43.5147,46.0368,47.8595,47.484,buy,buy,sell
2013-10-16,48.91,43.56975,46.1006,47.8845,48.074,buy,buy,buy
2013-10-17,49.57,43.6234,46.185,47.929,48.536,buy,buy,buy
2013-10-18,50.11,43.67955,46.2832,47.949,48.958,buy,buy,buy
2013-10-21,50.01,43.73365,46.3844,47.9965,49.288,buy,buy,buy
2013-10-22,50.0,43.7863,46.4856,48.0795,49.72,buy,buy,buy
2013-10-23,49.72,43.8357,46.5838,48.171,49.882,buy,buy,buy
2013-10-24,50.73,43.8871,46.7066,48.288,50.114,buy,buy,buy
2013-10-25,50.76,43.94025,46.8522,48.413,50.244,buy,buy,buy
2013-10-28,50.77,43.99265,47.002,48.5625,50.396,buy,buy,buy
2013-10-29,51.06,44.04715,47.1484,48.7005,50.608,buy,buy,buy
2013-10-30,50.96,44.1014,47.3016,48.8505,50.856,buy,buy,buy
2013-10-31,49.17,44.147,47.393,48.951,50.544,buy,buy,buy
2013-11-01,49.79,44.1961,47.4942,49.0595,50.35,buy,buy,buy
2013-11-04,49.1,44.24375,47.5806,49.1855,50.016,buy,buy,hold
2013-11-05,49.34,44.29165,47.6924,49.371,49.672,buy,buy,hold
2013-11-06,49.76,44.34165,47.8168,49.561,49.432,buy,buy,hold
2013-11-07,49.02,44.3873,47.9212,49.649,49.402,buy,buy,sell
2013-11-08,49.57,44.43535,48.0358,49.7275,49.358,buy,buy,sell
2013-11-11,49.82,44.489,48.1602,49.8005,49.502,buy,buy,hold
2013-11-12,49.57,44.54105,48.2664,49.887,49.548,buy,buy,sell
2013-11-13,49.94,44.597,48.3842,49.9385,49.584,buy,buy,hold
2013-11-14,50.04,44.6498,48.504,49.962,49.788,buy,buy,hold
2013-11-15,50.5,44.7041,48.6306,49.9815,49.974,buy,buy,hold
2013-11-18,49.98,44.7582,48.7374,49.98,50.006,buy,buy,buy
2013-11-19,49.35,44.80555,48.8014,49.9475,49.962,buy,buy,hold
2013-11-20,49.53,44.8522,48.8604,49.938,49.88,buy,buy,sell
2013-11-21,50.4,44.9079,48.9432,49.9215,49.952,buy,buy,buy
2013-11-22,50.53,44.9633,49.0088,49.91,49.958,buy,buy,buy
2013-11-25,50.48,45.0203,49.0716,49.8955,50.058,buy,buy,buy
2013-11-26,50.88,45.0787,49.1312,49.8865,50.364,buy,buy,buy
2013-11-27,51.0,45.14025,49.183,49.8885,50.658,buy,buy,buy
2013-11-29,50.86,45.19955,49.2266,49.973,50.75,buy,buy,buy
2013-12-02,51.28,45.25845,49.258,50.0475,50.9,buy,buy,buy
2013-12-03,50.44,45.31365,49.2856,50.1145,50.892,buy,buy,buy
2013-12-04,50.68,45.37275,49.3324,50.1815,50.852,buy,buy,buy
2013-12-05,50.43,45.4281,49.3832,50.215,50.738,buy,buy,buy
2013-12-06,50.47,45.48115,49.4248,50.2875,50.66,buy,buy,buy
2013-12-09,50.4,45.5383,49.4676,50.329,50.484,buy,buy,buy
2013-12-10,49.86,45.5903,49.5092,50.331,50.368,buy,buy,hold
2013-12-11,51.42,45.64755,49.5716,50.4235,50.516,buy,buy,buy
2013-12-12,50.86,45.70355,49.6296,50.4695,50.602,buy,buy,buy
2013-12-13,51.84,45.76515,49.7232,50.5595,50.876,buy,buy,buy
2013-12-16,51.94,45.82545,49.8096,50.6315,51.184,buy,buy,buy
2013-12-17,53.31,45.89165,49.9442,50.798,51.874,buy,buy,buy
2013-12-18,53.84,45.95955,50.1084,51.0225,52.358,buy,buy,buy
2013-12-19,54.02,46.029,50.2696,51.247,52.99,buy,buy,buy
2013-12-20,53.99,46.0981,50.4042,51.4265,53.42,buy,buy,buy
2013-12-23,54.51,46.16915,50.5344,51.6255,53.934,buy,buy,buy
2013-12-24,54.68,46.2428,50.6608,51.8355,54.208,buy,buy,buy
2013-12-26,55.05,46.31885,50.805,52.044,54.45,buy,buy,buy
2013-12-27,54.92,46.39265,50.9252,52.24,54.63,buy,buy,buy
2013-12-30,55.23,46.4706,51.0384,52.4585,54.878,buy,buy,buy
2013-12-31,55.67,46.55135,51.1496,52.678,55.11,buy,buy,buy
2014-01-02,55.25,46.6326,51.2544,52.9185,55.224,buy,buy,buy
2014-01-03,55.29,46.7099,51.3602,53.149,55.272,buy,buy,buy
2014-01-06,54.96,46.78745,51.465,53.3755,55.28,buy,buy,buy
2014-01-07,55.38,46.86425,51.558,53.621,55.31,buy,buy,buy
2014-01-08,55.56,46.93705,51.654,53.879,55.288,buy,buy,buy
2014-01-09,55.48,47.00515,51.7482,54.16,55.334,buy,buy,buy
2014-01-10,55.28,47.07075,51.8326,54.353,55.332,buy,buy,buy
2014-01-13,54.72,47.13205,51.9078,54.546,55.284,buy,buy,buy
2014-01-14,55.66,47.20115,52.0376,54.737,55.34,buy,buy,buy
2014-01-15,55.94,47.2709,52.1606,54.937,55.416,buy,buy,buy
2014-01-16,55.44,47.34215,52.2874,55.0435,55.408,buy,buy,buy
2014-01-17,58.04,47.42425,52.4614,55.2535,55.96,buy,buy,buy
2014-01-21,57.98,47.5077,52.6258,55.4515,56.612,buy,buy,buy
2014-01-22,58.25,47.5911,52.8104,55.6645,57.13,buy,buy,buy
2014-01-23,57.06,47.67045,52.9602,55.792,57.354,buy,buy,buy
2014-01-24,55.31,47.73825,53.07,55.8235,57.328,buy,buy,hold
2014-01-27,54.06,47.79905,53.1598,55.774,56.532,buy,buy,hold
2014-01-28,55.24,47.86805,53.2658,55.79,55.984,buy,buy,hold
2014-01-29,54.28,47.93785,53.3506,55.7425,55.19,buy,buy,sell
2014-01-30,55.22,48.00805,53.445,55.72,54.822,buy,buy,sell
2014-01-31,53.86,48.07455,53.5226,55.6505,54.532,buy,buy,sell
2014-02-03,53.37,48.13965,53.603,55.5545,54.394,buy,hold,sell
2014-02-04,53.64,48.2029,53.6852,55.4885,54.074,buy,hold,sell
2014-02-05,53.9,48.268,53.7552,55.4145,53.998,buy,buy,sell
2014-02-06,54.75,48.33465,53.8396,55.374,53.904,buy,buy,sell
2014-02-07,55.44,48.40305,53.9388,55.372,54.22,buy,buy,hold
2014-02-10,55.14,48.4678,54.024,55.365,54.574,buy,buy,sell
2014-02-11,55.58,48.53665,54.1156,55.408,54.962,buy,buy,hold
2014-02-12,56.04,48.60695,54.2192,55.427,55.39,buy,buy,hold
2014-02-13,56.01,48.6764,54.3138,55.4305,55.642,buy,buy,buy
2014-02-14,56.5,48.7514,54.435,55.4835,55.854,buy,buy,buy
2014-02-18,56.52,48.81475,54.5518,55.4075,56.13,buy,buy,buy
2014-02-19,55.97,48.8702,54.6626,55.307,56.208,buy,buy,buy
2014-02-20,55.86,48.9259,54.7704,55.1875,56.172,buy,buy,buy
2014-02-21,55.84,48.98035,54.8792,55.1265,56.138,buy,buy,buy
2014-02-24,56.55,49.039,55.013,55.1885,56.148,buy,buy,buy
2014-02-25,56.78,49.0997,55.1202,55.3245,56.2,buy,buy,buy
2014-02-26,56.53,49.1589,55.2336,55.389,56.312,buy,buy,buy
2014-02-27,56.57,49.2181,55.3282,55.5035,56.454,buy,buy,buy
2014-02-28,56.48,49.2751,55.419,55.5665,56.582,buy,buy,buy
2014-03-03,55.36,49.3247,55.46,55.6415,56.344,buy,hold,hold
2014-03-04,56.38,49.38185,55.5108,55.792,56.264,buy,buy,buy
2014-03-05,55.7,49.42965,55.5444,55.895,56.098,buy,buy,hold
2014-03-06,55.96,49.48245,55.5838,55.998,55.976,buy,buy,sell
2014-03-07,56.39,49.53745,55.6214,56.08,55.958,buy,buy,hold
2014-03-10,56.38,49.59415,55.6554,56.127,56.162,buy,buy,buy
2014-03-11,56.8,49.65555,55.6904,56.21,56.246,buy,buy,buy
2014-03-12,56.52,49.7126,55.7224,56.257,56.41,buy,buy,buy
2014-03-13,55.2,49.76355,55.7218,56.215,56.258,buy,hold,hold
2014-03-14,55.19,49.8168,55.7122,56.174,56.018,buy,hold,sell
2014-03-17,55.94,49.8702,55.726,56.146,55.93,buy,buy,sell
2014-03-18,56.6,49.9305,55.7522,56.15,55.89,buy,buy,hold
2014-03-19,55.96,49.98505,55.7722,56.1495,55.778,buy,buy,sell
2014-03-20,55.46,50.0371,55.7738,56.1295,55.83,buy,hold,sell
2014-03-21,55.84,50.0948,55.7794,56.1295,55.96,buy,buy,sell
2014-03-24,55.19,50.14655,55.7736,56.0615,55.81,buy,hold,sell
2014-03-25,54.6,50.19465,55.76,55.9525,55.41,buy,hold,sell
2014-03-26,53.92,50.23635,55.744,55.822,55.002,buy,hold,sell
2014-03-27,53.94,50.28145,55.7096,55.6905,54.698,buy,sell,sell
2014-03-28,53.02,50.3226,55.6512,55.5175,54.134,buy,sell,sell
2014-03-31,53.96,50.3646,55.6216,55.4475,53.888,buy,sell,sell
2014-04-01,53.68,50.40685,55.5344,55.3125,53.704,buy,sell,sell
2014-04-02,53.66,50.4472,55.448,55.2105,53.652,buy,sell,sell
2014-04-03,53.75,50.48595,55.358,55.1,53.614,buy,sell,sell
2014-04-04,51.92,50.51725,55.2552,54.8765,53.394,buy,sell,sell
2014-04-07,50.85,50.5484,55.166,54.6,52.772,buy,sell,sell
2014-04-08,50.65,50.57725,55.0978,54.2925,52.166,buy,sell,sell
2014-04-09,51.88,50.6138,55.0306,54.0605,51.81,buy,sell,sell
2014-04-10,50.39,50.64015,54.9528,53.82,51.138,hold,sell,sell
2014-04-11,49.16,50.65765,54.8316,53.5185,50.586,hold,sell,sell
2014-04-14,50.25,50.6786,54.7594,53.234,50.466,hold,sell,sell
2014-04-15,51.01,50.7052,54.7122,52.9545,50.538,buy,sell,sell
2014-04-16,52.34,50.7354,54.6862,52.7735,50.63,buy,sell,sell
2014-04-17,51.99,50.7638,54.648,52.6,50.95,buy,sell,sell
2014-04-21,52.28,50.7914,54.5986,52.422,51.574,buy,sell,sell
2014-04-22,52.49,50.81535,54.5396,52.287,52.022,buy,sell,hold
2014-04-23,52.2,50.84125,54.4808,52.167,52.26,buy,sell,buy
2014-04-24,52.35,50.869,54.4162,52.0885,52.262,buy,sell,buy
2014-04-25,49.73,50.88425,54.29,51.878,51.81,hold,sell,sell
2014-04-28,50.36,50.8986,54.177,51.745,51.426,hold,sell,sell
2014-04-29,50.67,50.91355,54.0604,51.5805,51.062,hold,sell,sell
2014-04-30,50.65,50.929,53.943,51.429,50.752,hold,sell,sell
2014-05-01,51.52,50.9499,53.854,51.322,50.586,buy,sell,hold
2014-05-02,51.1,50.96835,53.7588,51.1895,50.86,buy,sell,sell
2014-05-05,51.78,50.9885,53.6776,51.1825,51.144,buy,sell,hold
2014-05-06,51.34,51.0078,53.5734,51.207,51.278,buy,sell,buy
2014-05-07,52.18,51.0297,53.4814,51.2835,51.584,buy,sell,buy
2014-05-08,52.72,51.0576,53.4052,51.3255,51.824,buy,sell,buy
2014-05-09,52.7,51.08765,53.3278,51.441,52.144,buy,sell,buy
2014-05-12,52.92,51.109,53.2566,51.629,52.372,buy,sell,buy
2014-05-13,53.02,51.1326,53.2098,51.7675,52.708,buy,sell,buy
2014-05-14,52.46,51.15495,53.1314,51.84,52.764,buy,sell,buy
2014-05-15,51.86,51.17495,53.0546,51.816,52.592,buy,sell,buy
2014-05-16,52.45,51.21595,52.9844,51.839,52.542,buy,sell,buy
2014-05-19,52.59,51.25495,52.9084,51.8545,52.476,buy,sell,buy
2014-05-20,51.98,51.28485,52.8204,51.829,52.268,buy,sell,buy
2014-05-21,52.52,51.31675,52.7348,51.845,52.28,buy,sell,buy
2014-05-22,52.34,51.34985,52.6512,51.8445,52.376,buy,sell,buy
2014-05-23,53.02,51.3882,52.6076,52.009,52.49,buy,hold,buy
2014-05-27,53.62,51.4303,52.5762,52.172,52.696,buy,hold,buy
2014-05-28,53.45,51.4728,52.5264,52.311,52.99,buy,hold,buy
2014-05-29,53.67,51.51645,52.4678,52.462,53.22,buy,hold,buy
2014-05-30,53.71,51.56095,52.4228,52.5715,53.494,buy,buy,buy
2014-06-02,53.38,51.6049,52.3812,52.6855,53.566,buy,buy,buy
2014-06-03,52.83,51.65165,52.321,52.738,53.408,buy,buy,buy
2014-06-04,52.86,51.69955,52.2744,52.814,53.29,buy,buy,buy
2014-06-05,53.06,51.74615,52.2436,52.858,53.168,buy,buy,buy
2014-06-06,53.25,51.7959,52.2302,52.8845,53.076,buy,buy,buy
2014-06-09,53.14,51.8386,52.2142,52.9065,53.028,buy,buy,buy
2014-06-10,53.56,51.88275,52.225,52.9385,53.174,buy,buy,buy
2014-06-11,53.17,51.9247,52.2092,52.946,53.236,buy,buy,buy
2014-06-12,52.94,51.97065,52.1944,52.97,53.212,buy,buy,hold
2014-06-13,52.82,52.01705,52.1776,53.018,53.126,buy,buy,hold
2014-06-16,52.56,52.06085,52.1538,53.0235,53.01,buy,buy,sell
2014-06-17,52.7,52.10515,52.1694,53.029,52.838,buy,buy,sell
2014-06-18,52.81,52.1512,52.2086,53.0705,52.766,buy,buy,sell
2014-06-19,52.58,52.1928,52.2472,53.0735,52.694,buy,buy,sell
2014-06-20,52.37,52.2344,52.257,53.075,52.604,buy,buy,sell
2014-06-23,52.37,52.276,52.2966,53.0425,52.566,buy,buy,sell
2014-06-24,51.95,52.3149,52.3524,52.959,52.416,hold,hold,sell
2014-06-25,52.26,52.353,52.3926,52.8995,52.306,hold,hold,sell
2014-06-26,52.24,52.38345,52.4172,52.828,52.238,hold,hold,sell
2014-06-27,52.32,52.41215,52.4168,52.7585,52.228,hold,hold,sell
2014-06-30,52.68,52.44425,52.4306,52.7235,52.29,hold,buy,sell
2014-07-01,53.56,52.4758,52.4562,52.76,52.612,hold,buy,hold
2014-07-02,53.71,52.50765,52.4806,52.8025,52.902,hold,buy,buy
2014-07-03,54.13,52.5388,52.5192,52.856,53.28,hold,buy,buy
2014-07-07,54.18,52.56765,52.5558,52.9025,53.652,hold,buy,buy
2014-07-08,53.82,52.59335,52.6376,52.9365,53.88,buy,buy,buy
2014-07-09,54.04,52.615,52.7112,52.9605,53.976,buy,buy,buy
2014-07-10,53.88,52.6391,52.7754,52.996,54.01,buy,buy,buy
2014-07-11,54.25,52.66865,52.8474,53.0615,54.034,buy,buy,buy
2014-07-14,55.26,52.7055,52.9222,53.1835,54.25,buy,buy,buy
2014-07-15,55.44,52.74075,53.009,53.3275,54.574,buy,buy,buy
2014-07-16,55.67,52.7778,53.0868,53.476,54.9,buy,buy,buy
2014-07-17,54.47,52.81125,53.1494,53.559,55.018,buy,buy,buy
2014-07-18,55.05,52.845,53.2068,53.6825,55.178,buy,buy,buy
2014-07-21,54.8,52.8792,53.2484,53.804,55.086,buy,buy,buy
2014-07-22,55.32,52.92,53.3008,53.9515,55.062,buy,buy,buy
2014-07-23,55.3,52.9584,53.3484,54.119,54.988,buy,buy,buy
2014-07-24,55.68,53.0039,53.4016,54.29,55.23,buy,buy,buy
2014-07-25,53.69,53.0442,53.4262,54.3625,54.958,buy,buy,hold
2014-07-28,53.56,53.0822,53.4602,54.4245,54.71,buy,buy,hold
2014-07-29,53.38,53.1128,53.4788,54.4595,54.322,buy,hold,sell
2014-07-30,53.52,53.1404,53.4974,54.4575,53.966,buy,buy,sell
2014-07-31,52.75,53.16235,53.5128,54.4095,53.38,hold,hold,sell
2014-08-01,52.95,53.1879,53.5214,54.3505,53.232,hold,hold,sell
2014-08-04,53.04,53.20855,53.5354,54.2935,53.128,hold,hold,sell
2014-08-05,52.64,53.2239,53.5278,54.2345,52.98,hold,hold,sell
2014-08-06,52.67,53.2367,53.5088,54.166,52.81,hold,hold,sell
2014-08-07,52.26,53.24795,53.485,54.085,52.712,hold,hold,sell
2014-08-08,52.62,53.26105,53.464,54.0035,52.646,hold,hold,sell
2014-08-11,52.64,53.27565,53.4426,53.8725,52.566,hold,hold,sell
2014-08-12,52.58,53.2849,53.4266,53.7295,52.554,hold,hold,sell
2014-08-13,52.86,53.2954,53.4272,53.589,52.592,hold,hold,sell
2014-08-14,53.13,53.3072,53.4326,53.522,52.766,hold,hold,sell
2014-08-15,52.55,53.31465,53.4224,53.397,52.752,hold,sell,sell
2014-08-18,53.58,53.32775,53.429,53.336,52.94,buy,hold,hold
2014-08-19,53.75,53.35065,53.4412,53.2575,53.174,buy,hold,hold
2014-08-20,54.05,53.37195,53.451,53.195,53.412,buy,hold,buy
2014-08-21,53.94,53.39615,53.4664,53.108,53.574,buy,hold,buy
2014-08-22,54.02,53.41955,53.488,53.1245,53.868,buy,hold,buy
2014-08-25,54.0,53.44075,53.5116,53.1465,53.952,buy,hold,buy
2014-08-26,54.18,53.46655,53.544,53.1865,54.038,buy,hold,buy
2014-08-27,54.28,53.4901,53.5756,53.2245,54.084,buy,hold,buy
2014-08-28,53.65,53.50925,53.5924,53.2695,54.026,buy,hold,buy
2014-08-29,53.13,53.52705,53.6034,53.2785,53.848,hold,sell,hold
2014-09-02,53.68,53.54575,53.6296,53.3105,53.784,buy,hold,buy
2014-09-03,53.72,53.56415,53.6566,53.3645,53.692,buy,hold,buy
2014-09-04,53.56,53.57945,53.6888,53.409,53.548,hold,sell,buy
2014-09-05,53.55,53.5973,53.7146,53.4735,53.528,hold,sell,buy
2014-09-08,53.94,53.62025,53.7486,53.5395,53.69,buy,hold,buy
2014-09-09,53.57,53.64045,53.7736,53.586,53.668,hold,sell,hold
2014-09-10,54.22,53.65955,53.8044,53.668,53.768,buy,hold,buy
2014-09-11,53.74,53.6756,53.808,53.712,53.804,buy,sell,buy
2014-09-12,53.51,53.69075,53.804,53.731,53.796,hold,sell,hold
2014-09-15,53.66,53.70465,53.7946,53.7865,53.74,hold,sell,sell
2014-09-16,54.32,53.72125,53.7974,53.8235,53.89,buy,buy,buy
2014-09-17,53.88,53.73635,53.7986,53.83,53.822,buy,buy,hold
2014-09-18,54.11,53.7505,53.8,53.833,53.896,buy,buy,buy
2014-09-19,54.06,53.7686,53.8036,53.839,54.006,buy,buy,buy
2014-09-22,53.47,53.78255,53.788,53.8115,53.968,hold,hold,hold
2014-09-23,53.12,53.796,53.7452,53.7675,53.728,sell,hold,sell
2014-09-24,53.6,53.81165,53.7084,53.7385,53.672,sell,hold,sell
2014-09-25,52.68,53.82305,53.6486,53.6585,53.386,sell,hold,sell
2014-09-26,52.98,53.83865,53.6188,53.625,53.17,sell,hold,sell
2014-09-29,52.73,53.8452,53.5724,53.605,53.022,sell,hold,sell
2014-09-30,53.34,53.8576,53.5432,53.588,53.066,sell,hold,sell
2014-10-01,52.5,53.8609,53.4868,53.527,52.846,sell,hold,sell
2014-10-02,52.43,53.86335,53.4294,53.4705,52.796,sell,hold,sell
2014-10-03,53.0,53.8618,53.3758,53.443,52.8,sell,hold,sell
2014-10-06,52.95,53.85735,53.361,53.3935,52.844,sell,hold,sell
2014-10-07,52.01,53.8473,53.33,53.3155,52.578,sell,sell,sell
2014-10-08,53.09,53.8428,53.3242,53.259,52.696,sell,sell,sell
2014-10-09,51.93,53.8299,53.2924,53.1685,52.596,sell,sell,sell
2014-10-10,51.24,53.8127,53.2622,53.055,52.244,sell,sell,sell
2014-10-13,51.07,53.7928,53.2246,52.9255,51.868,sell,sell,sell
2014-10-14,50.68,53.7716,53.1774,52.7435,51.602,sell,sell,sell
2014-10-15,50.06,53.74575,53.1258,52.5525,50.996,sell,sell,sell
2014-10-16,50.75,53.72115,53.0874,52.3845,50.76,sell,sell,sell
2014-10-17,51.5,53.7024,53.0722,52.2565,50.812,sell,sell,sell
2014-10-20,51.96,53.68575,53.059,52.181,50.99,sell,sell,sell
2014-10-21,53.33,53.6776,53.0728,52.1915,51.52,sell,hold,hold
2014-10-22,52.73,53.66435,53.0758,52.148,52.054,sell,sell,hold
2014-10-23,53.57,53.6544,53.09,52.1925,52.618,sell,hold,buy
2014-10-24,53.37,53.64385,53.0948,52.212,52.992,sell,hold,buy
2014-10-27,53.35,53.6342,53.1108,52.243,53.27,sell,hold,buy
2014-10-28,54.18,53.6315,53.1228,52.285,53.44,hold,hold,buy
2014-10-29,53.66,53.6215,53.121,52.343,53.626,hold,hold,buy
2014-10-30,59.16,53.6376,53.2232,52.6795,54.744,hold,hold,buy
2014-10-31,60.36,53.6622,53.3516,53.0475,56.142,hold,hold,buy
2014-11-03,60.38,53.6739,53.4788,53.419,57.548,hold,hold,buy
2014-11-04,60.74,53.6877,53.6136,53.8555,58.86,hold,buy,buy
2014-11-05,62.38,53.70835,53.7776,54.32,60.604,buy,buy,buy
2014-11-06,62.52,53.73565,53.9424,54.8495,61.276,buy,buy,buy
2014-11-07,63.11,53.77465,54.1316,55.443,61.826,buy,buy,buy
2014-11-10,62.55,53.8171,54.32,56.017,62.26,buy,buy,buy
2014-11-11,62.43,53.85305,54.495,56.6045,62.598,buy,buy,buy
2014-11-12,62.99,53.8966,54.6804,57.251,62.72,buy,buy,buy
2014-11-13,62.73,53.93415,54.8638,57.85,62.762,buy,buy,buy
2014-11-14,62.21,53.9759,55.037,58.3855,62.582,buy,buy,buy
2014-11-17,62.45,54.0213,55.2072,58.91,62.562,buy,buy,buy
2014-11-18,62.43,54.06525,55.3844,59.365,62.562,buy,buy,buy
2014-11-19,62.46,54.10805,55.5492,59.8515,62.456,buy,buy,buy
2014-11-20,62.92,54.1489,55.7328,60.319,62.494,buy,buy,buy
2014-11-21,63.56,54.1895,55.9338,60.8285,62.764,buy,buy,buy
2014-11-24,63.66,54.2321,56.1338,61.344,63.006,buy,buy,buy
2014-11-25,64.32,54.2758,56.3338,61.851,63.384,buy,buy,buy
2014-11-26,64.32,54.3172,56.5426,62.384,63.756,buy,buy,buy
2014-11-28,64.55,54.3599,56.7514,62.6535,64.082,buy,buy,buy
2014-12-01,64.54,54.4001,56.961,62.8625,64.278,buy,buy,buy
2014-12-02,65.0,54.4425,57.1916,63.0935,64.546,buy,buy,buy
2014-12-03,65.4,54.48965,57.4372,63.3265,64.762,buy,buy,buy
2014-12-04,65.28,54.53675,57.6708,63.4715,64.954,buy,buy,buy
2014-12-05,65.84,54.58675,57.934,63.6375,65.212,buy,buy,buy
2014-12-08,65.78,54.6329,58.19,63.771,65.46,buy,buy,buy
2014-12-09,66.04,54.6792,58.4562,63.9455,65.668,buy,buy,buy
2014-12-10,65.43,54.7237,58.698,64.0955,65.674,buy,buy,buy
2014-12-11,65.78,54.76975,58.9636,64.235,65.774,buy,buy,buy
2014-12-12,64.2,54.80835,59.199,64.3085,65.446,buy,buy,hold
2014-12-15,64.18,54.85245,59.4226,64.407,65.126,buy,buy,hold
2014-12-16,63.35,54.8873,59.6306,64.452,64.588,buy,buy,hold
2014-12-17,64.77,54.93265,59.8858,64.569,64.456,buy,buy,hold
2014-12-18,66.04,54.98305,60.1448,64.748,64.508,buy,buy,hold
2014-12-19,65.42,55.0282,60.4146,64.873,64.752,buy,buy,hold
2014-12-22,66.05,55.07655,60.7108,64.9975,65.126,buy,buy,buy
2014-12-23,66.32,55.12415,61.0158,65.1305,65.72,buy,buy,buy
2014-12-24,66.91,55.1761,61.3404,65.26,66.148,buy,buy,buy
2014-12-26,66.66,55.2334,61.6724,65.377,66.272,buy,buy,buy
2014-12-29,66.36,55.28925,61.9846,65.4675,66.46,buy,buy,buy
2014-12-30,66.14,55.34025,62.2774,65.5475,66.478,buy,buy,buy
2014-12-31,65.55,55.385,62.5492,65.575,66.324,buy,buy,hold
2015-01-02,66.26,55.4365,62.8078,65.618,66.194,buy,buy,buy
2015-01-05,64.79,55.48315,63.049,65.5935,65.82,buy,buy,hold
2015-01-06,64.38,55.52585,63.2652,65.5205,65.424,buy,buy,sell
2015-01-07,65.24,55.5761,63.5026,65.4935,65.244,buy,buy,sell
2015-01-08,66.11,55.63365,63.7578,65.497,65.356,buy,buy,hold
2015-01-09,65.13,55.6897,63.9768,65.482,65.13,buy,buy,sell
2015-01-12,65.0,55.745,64.2036,65.443,65.172,buy,buy,sell
2015-01-13,65.2,55.8059,64.3244,65.493,65.336,buy,buy,sell
2015-01-14,63.89,55.85555,64.395,65.4785,65.066,buy,hold,sell
2015-01-15,63.28,55.90355,64.453,65.475,64.5,buy,hold,sell
2015-01-16,63.74,55.95395,64.513,65.4235,64.222,buy,hold,sell
2015-01-20,64.21,56.00625,64.5496,65.332,64.064,buy,hold,sell
2015-01-21,64.32,56.06825,64.5856,65.277,63.888,buy,hold,sell
2015-01-22,64.4,56.136,64.6114,65.1945,63.99,buy,hold,sell
2015-01-23,64.57,56.2056,64.6518,65.107,64.248,buy,hold,sell
2015-01-26,64.13,56.26685,64.6858,64.968,64.326,buy,hold,sell
2015-01-27,62.75,56.32865,64.681,64.7725,64.034,buy,hold,sell
2015-01-28,61.59,56.3908,64.6582,64.534,63.488,buy,sell,sell
2015-01-29,62.0,56.44955,64.654,64.327,63.008,buy,sell,sell
2015-01-30,63.73,56.51315,64.6796,64.236,62.84,buy,sell,sell
2015-02-02,63.84,56.57065,64.7078,64.115,62.782,buy,sell,sell
2015-02-03,64.95,56.63545,64.7576,64.123,63.222,buy,hold,hold
2015-02-04,66.22,56.70515,64.8236,64.215,64.148,buy,hold,hold
2015-02-05,67.95,56.78245,64.9114,64.3505,65.338,buy,hold,buy
2015-02-06,66.86,56.85575,64.9754,64.388,65.964,buy,hold,buy
2015-02-09,66.36,56.9258,65.0162,64.4495,66.468,buy,hold,buy
2015-02-10,66.14,57.00785,65.0526,64.5065,66.706,buy,hold,buy
2015-02-11,66.5,57.08855,65.0916,64.5715,66.762,buy,hold,buy
2015-02-12,67.73,57.17385,65.1554,64.7635,66.718,buy,hold,buy
2015-02-13,67.41,57.25765,65.2036,64.97,66.828,buy,hold,buy
2015-02-17,67.72,57.33865,65.25,65.169,67.1,buy,hold,buy
2015-02-18,67.28,57.41955,65.29,65.3225,67.328,buy,buy,buy
2015-02-19,67.28,57.49705,65.3188,65.4705,67.484,buy,buy,buy
2015-02-20,68.25,57.5816,65.3682,65.663,67.588,buy,buy,buy
2015-02-23,68.25,57.66195,65.4124,65.847,67.756,buy,buy,buy
2015-02-24,68.12,57.73895,65.4662,66.0465,67.836,buy,buy,buy
2015-02-25,68.25,57.8167,65.5156,66.3215,68.03,buy,buy,buy
2015-02-26,68.44,57.8943,65.6004,66.664,68.262,buy,buy,buy
2015-02-27,67.83,57.96835,65.6734,66.9555,68.178,buy,buy,buy
2015-03-02,69.57,58.0539,65.7978,67.2475,68.442,buy,buy,buy
2015-03-03,68.82,58.1387,65.8788,67.4965,68.582,buy,buy,buy
2015-03-04,68.44,58.21865,65.9268,67.671,68.62,buy,buy,buy
2015-03-05,68.53,58.29835,65.989,67.7865,68.638,buy,buy,buy
2015-03-06,67.34,58.37515,66.0148,67.756,68.54,buy,buy,hold
2015-03-09,67.86,58.45185,66.0456,67.806,68.198,buy,buy,buy
2015-03-10,66.3,58.52165,66.0334,67.803,67.694,buy,buy,sell
2015-03-11,66.19,58.5875,66.024,67.8055,67.244,buy,buy,sell
2015-03-12,67.4,58.6564,66.0448,67.8505,67.018,buy,buy,sell
2015-03-13,66.26,58.72045,66.0472,67.777,66.802,buy,buy,sell
2015-03-16,67.26,58.7884,66.0814,67.7695,66.682,buy,buy,sell
2015-03-17,66.12,58.85045,66.0786,67.6895,66.646,buy,buy,sell
2015-03-18,66.92,58.91815,66.1212,67.6715,66.792,buy,buy,sell
2015-03-19,66.81,58.98805,66.1698,67.648,66.674,buy,buy,sell
2015-03-20,67.41,59.0608,66.2132,67.606,66.904,buy,buy,sell
2015-03-23,67.08,59.1309,66.2326,67.5475,66.868,buy,buy,sell
2015-03-24,67.1,59.20015,66.272,67.4965,67.064,buy,buy,sell
2015-03-25,65.73,59.2631,66.2866,67.3705,66.826,buy,hold,sell
2015-03-26,65.59,59.32325,66.2944,67.228,66.582,buy,hold,sell
2015-03-27,65.54,59.3851,66.3274,67.1135,66.208,buy,hold,sell
2015-03-30,65.66,59.4487,66.375,66.918,65.924,buy,hold,sell
2015-03-31,65.41,59.51165,66.4084,66.7475,65.586,buy,hold,sell
2015-04-01,65.18,59.57475,66.4278,66.5845,65.476,buy,hold,sell
2015-04-02,65.29,59.6377,66.4472,66.4225,65.416,buy,sell,sell
2015-04-06,65.2,59.69965,66.4632,66.3155,65.348,buy,sell,sell
2015-04-07,65.8,59.76575,66.4878,66.2125,65.376,buy,sell,sell
2015-04-08,66.5,59.8364,66.5352,66.2225,65.594,buy,sell,hold
2015-04-09,66.44,59.90675,66.609,66.235,65.846,buy,sell,hold
2015-04-10,66.34,59.9787,66.704,66.182,66.056,buy,sell,hold
2015-04-13,65.61,60.04545,66.7762,66.1495,66.138,buy,sell,sell
2015-04-14,65.53,60.1119,66.8122,66.063,66.084,buy,sell,hold
2015-04-15,65.68,60.1787,66.849,66.041,65.92,buy,sell,sell
2015-04-16,65.65,60.24355,66.863,65.9775,65.762,buy,sell,sell
2015-04-17,64.52,60.29835,66.829,65.863,65.398,buy,sell,sell
2015-04-20,64.72,60.3534,66.7644,65.7285,65.22,buy,sell,sell
2015-04-21,65.35,60.4095,66.7342,65.642,65.184,buy,sell,sell
2015-04-22,68.01,60.47865,66.7672,65.6875,65.65,buy,hold,hold
2015-04-23,67.72,60.54815,66.7988,65.787,66.064,buy,hold,buy
2015-04-24,67.48,60.61535,66.8184,65.8815,66.656,buy,hold,buy
2015-04-27,67.1,60.68145,66.8058,65.9595,67.132,buy,hold,buy
2015-04-28,66.77,60.74405,66.793,66.015,67.416,buy,sell,buy
2015-04-29,67.34,60.80445,66.7854,66.1115,67.282,buy,hold,buy
2015-04-30,66.05,60.8575,66.7608,66.155,66.948,buy,sell,hold
2015-05-01,65.77,60.908,66.7306,66.179,66.606,buy,sell,hold
2015-05-04,65.58,60.96355,66.6772,66.198,66.302,buy,sell,hold
2015-05-05,65.96,61.0181,66.6314,66.206,66.14,buy,sell,sell
2015-05-06,65.67,61.07245,66.5824,66.1645,65.806,buy,sell,sell
2015-05-07,66.58,61.12875,66.549,66.1715,65.912,buy,hold,hold
2015-05-08,69.47,61.1996,66.5696,66.328,66.652,buy,hold,buy
2015-05-11,69.02,61.2663,66.5934,66.4985,67.34,buy,hold,buy
2015-05-12,68.69,61.3413,66.5758,66.6565,67.886,buy,buy,buy
2015-05-13,68.65,61.41675,66.5724,66.805,68.482,buy,buy,buy
2015-05-14,70.0,61.49985,66.6036,67.0225,69.166,buy,buy,buy
2015-05-15,69.57,61.5801,66.6244,67.275,69.186,buy,buy,buy
2015-05-18,70.0,61.66635,66.6776,67.539,69.382,buy,buy,buy
2015-05-19,70.16,61.7524,66.7236,67.7795,69.676,buy,buy,buy
2015-05-20,69.78,61.8361,66.7932,67.868,69.902,buy,buy,buy
2015-05-21,69.37,61.91975,66.8568,67.9505,69.776,buy,buy,buy
2015-05-22,69.62,62.0045,66.9012,68.0575,69.786,buy,buy,buy
2015-05-26,68.54,62.0859,66.9468,68.1295,69.494,buy,buy,buy
2015-05-27,69.49,62.17025,66.9914,68.2655,69.36,buy,buy,buy
2015-05-28,69.56,62.25485,67.0602,68.3765,69.316,buy,buy,buy
2015-05-29,68.68,62.33535,67.0954,68.508,69.178,buy,buy,buy
2015-06-01,69.11,62.4166,67.1414,68.675,69.076,buy,buy,buy
2015-06-02,69.04,62.49615,67.174,68.848,69.176,buy,buy,buy
2015-06-03,68.95,62.57815,67.2114,68.9975,69.068,buy,buy,hold
2015-06-04,68.21,62.6513,67.2336,69.1245,68.798,buy,buy,sell
2015-06-05,68.37,62.7244,67.2864,69.214,68.736,buy,buy,sell
2015-06-08,67.68,62.79255,67.3282,69.1245,68.45,buy,buy,sell
2015-06-09,67.95,62.8626,67.3764,69.071,68.232,buy,buy,sell
2015-06-10,69.63,62.94065,67.4558,69.118,68.368,buy,buy,hold
2015-06-11,69.64,63.01885,67.5404,69.1675,68.654,buy,buy,hold
2015-06-12,69.33,63.0946,67.6234,69.134,68.846,buy,buy,hold
2015-06-15,68.57,63.16605,67.689,69.084,69.024,buy,buy,sell
2015-06-16,69.01,63.24285,67.7652,69.0345,69.236,buy,buy,hold
2015-06-17,68.75,63.32095,67.8242,68.964,69.06,buy,buy,hold
2015-06-18,69.5,63.40005,67.8842,68.95,69.032,buy,buy,buy
2015-06-19,68.69,63.4749,67.9292,68.916,68.904,buy,buy,sell
2015-06-22,69.09,63.55255,67.9842,68.8895,69.008,buy,buy,buy
2015-06-23,69.42,63.6319,68.0604,68.9335,69.09,buy,buy,buy
2015-06-24,68.86,63.7065,68.127,68.902,69.112,buy,buy,hold
2015-06-25,68.62,63.78175,68.1858,68.855,68.936,buy,buy,hold
2015-06-26,68.75,63.8544,68.2478,68.8585,68.948,buy,buy,hold
2015-06-29,66.72,63.9193,68.2918,68.739,68.474,buy,hold,sell
2015-06-30,67.15,63.9875,68.3404,68.6445,68.02,buy,hold,sell
2015-07-01,67.85,64.05845,68.3904,68.5895,67.818,buy,hold,sell
2015-07-02,68.24,64.12805,68.395,68.591,67.742,buy,hold,sell
2015-07-06,68.12,64.19925,68.403,68.5785,67.616,buy,hold,sell
2015-07-07,67.77,64.26755,68.4088,68.583,67.826,buy,hold,sell
2015-07-08,66.73,64.3309,68.4014,68.522,67.742,buy,hold,sell
2015-07-09,67.05,64.3988,68.407,68.393,67.582,buy,sell,sell
2015-07-10,68.42,64.4753,68.4286,68.332,67.618,buy,sell,hold
2015-07-13,69.52,64.5549,68.498,68.3415,67.898,buy,hold,hold
2015-07-14,70.1,64.642,68.5846,68.418,68.364,buy,hold,hold
2015-07-15,70.02,64.7272,68.6734,68.4685,69.022,buy,hold,buy
2015-07-16,70.57,64.8164,68.7656,68.5595,69.726,buy,hold,buy
2015-07-17,70.88,64.9041,68.8698,68.6285,70.218,buy,hold,buy
2015-07-20,72.7,65.0051,68.9922,68.829,70.854,buy,hold,buy
2015-07-21,72.02,65.10305,69.0432,68.9755,71.238,buy,hold,buy
2015-07-22,71.97,65.1979,69.1022,69.103,71.628,buy,buy,buy
2015-07-23,71.75,65.2919,69.1634,69.2475,71.864,buy,buy,buy
2015-07-24,74.8,65.40585,69.2864,69.5565,72.648,buy,buy,buy
2015-07-27,73.86,65.5097,69.3636,69.812,72.88,buy,buy,buy
2015-07-28,74.74,65.62375,69.467,70.213,73.424,buy,buy,buy
2015-07-29,76.01,65.7476,69.5872,70.656,74.232,buy,buy,buy
2015-07-30,76.38,65.87415,69.7116,71.0825,75.158,buy,buy,buy
2015-07-31,75.34,65.99745,69.8228,71.4375,75.266,buy,buy,buy
2015-08-03,75.77,66.126,69.9508,71.82,75.648,buy,buy,buy
2015-08-04,75.27,66.2486,70.0638,72.195,75.754,buy,buy,buy
2015-08-05,74.98,66.366,70.1926,72.6075,75.548,buy,buy,buy
2015-08-06,73.58,66.4741,70.2744,72.934,74.988,buy,buy,buy
2015-08-07,74.21,66.5785,70.3674,73.2235,74.762,buy,buy,buy
2015-08-10,74.38,66.68675,70.4814,73.4665,74.484,buy,buy,buy
2015-08-11,73.36,66.7857,70.5664,73.6295,74.102,buy,buy,hold
2015-08-12,73.54,66.88655,70.6564,73.8055,73.814,buy,buy,hold
2015-08-13,73.93,66.98945,70.756,73.9735,73.884,buy,buy,sell
2015-08-14,74.22,67.08965,70.8762,74.1405,73.886,buy,buy,hold
2015-08-17,74.41,67.1934,70.997,74.226,73.892,buy,buy,hold
2015-08-18,74.47,67.26995,71.1328,74.3485,74.114,buy,buy,hold
2015-08-19,74.4,67.34015,71.2618,74.47,74.286,buy,buy,sell
2015-08-20,73.95,67.408,71.3482,74.58,74.29,buy,buy,sell
2015-08-21,71.19,67.46025,71.3792,74.3995,73.684,buy,hold,sell
2015-08-24,68.36,67.49015,71.3598,74.1245,72.474,buy,hold,sell
2015-08-25,66.97,67.5124,71.3278,73.736,70.974,hold,hold,sell
2015-08-26,70.69,67.5503,71.3614,73.47,70.232,buy,hold,sell
2015-08-27,72.4,67.59955,71.4344,73.271,69.922,buy,buy,sell
2015-08-28,72.46,67.6497,71.4936,73.127,70.176,buy,buy,sell
2015-08-31,71.3,67.69125,71.5458,72.9035,70.764,buy,hold,sell
2015-09-01,68.96,67.7224,71.5432,72.588,71.162,buy,hold,sell
2015-09-02,69.62,67.75945,71.5472,72.32,70.948,buy,hold,sell
2015-09-03,70.4,67.7992,71.578,72.161,70.548,buy,hold,sell
2015-09-04,69.16,67.83285,71.5888,71.9085,69.888,buy,hold,sell
2015-09-08,70.53,67.8732,71.6244,71.716,69.734,buy,hold,sell
2015-09-09,69.6,67.9066,71.682,71.528,69.862,buy,sell,sell
2015-09-10,70.23,67.93995,71.7436,71.3625,69.984,buy,sell,sell
2015-09-11,70.76,67.97545,71.8018,71.204,70.056,buy,sell,sell
2015-09-14,70.01,68.0039,71.8372,70.9935,70.226,buy,sell,sell
2015-09-15,70.51,68.03485,71.885,70.7985,70.222,buy,sell,sell
2015-09-16,70.99,68.06705,71.9494,70.6245,70.5,buy,sell,hold
2015-09-17,70.96,68.09915,72.034,70.4525,70.646,buy,sell,buy
2015-09-18,69.79,68.1231,72.0888,70.2445,70.452,buy,sell,hold
2015-09-21,70.78,68.15,72.136,70.224,70.606,buy,sell,buy
2015-09-22,70.25,68.17485,72.1506,70.3185,70.554,buy,sell,hold
2015-09-23,70.95,68.2004,72.1676,70.5175,70.546,buy,sell,buy
2015-09-24,70.24,68.2227,72.172,70.495,70.402,buy,sell,sell
2015-09-25,70.69,68.24595,72.1744,70.4095,70.582,buy,sell,buy
2015-09-28,67.2,68.2548,72.1008,70.1465,69.866,hold,sell,sell
2015-09-29,68.53,68.26855,72.0174,70.008,69.522,buy,sell,sell
2015-09-30,69.66,68.29585,71.9702,70.043,69.264,buy,sell,sell
2015-10-01,69.99,68.3249,71.9306,70.0615,69.214,buy,sell,sell
2015-10-02,70.67,68.3615,71.909,70.075,69.21,buy,sell,hold
2015-10-05,72.23,68.3988,71.8576,70.2285,70.216,buy,hold,hold
2015-10-06,72.08,68.429,71.822,70.306,70.926,buy,hold,buy
2015-10-07,73.22,68.468,71.7916,70.487,71.638,buy,hold,buy
2015-10-08,73.9,68.50725,71.7494,70.6705,72.42,buy,hold,buy
2015-10-09,73.98,68.54555,71.7014,70.8315,73.082,buy,hold,buy
2015-10-12,74.99,68.58595,71.6944,71.0805,73.634,buy,hold,buy
2015-10-13,75.0,68.62765,71.679,71.305,74.218,buy,hold,buy
2015-10-14,74.2,68.66685,71.6576,71.4655,74.414,buy,hold,buy
2015-10-15,75.34,68.71285,71.6648,71.6845,74.702,buy,buy,buy
2015-10-16,76.0,68.7651,71.7132,71.995,75.106,buy,buy,buy
2015-10-19,76.99,68.81875,71.7688,72.3055,75.506,buy,buy,buy
2015-10-20,76.28,68.8762,71.8068,72.607,75.762,buy,buy,buy
2015-10-21,75.46,68.9316,71.8488,72.8325,76.014,buy,buy,buy
2015-10-22,76.42,68.9875,71.9064,73.1415,76.23,buy,buy,buy
2015-10-23,77.07,69.0423,71.9692,73.4605,76.444,buy,buy,buy
2015-10-26,78.18,69.10755,72.0484,74.0095,76.682,buy,buy,buy
2015-10-27,77.52,69.17015,72.1106,74.459,76.93,buy,buy,buy
2015-10-28,78.87,69.2385,72.1986,74.9195,77.612,buy,buy,buy
2015-10-29,78.51,69.3116,72.2808,75.3455,78.03,buy,buy,buy
2015-10-30,77.58,69.3831,72.3534,75.691,78.132,buy,buy,buy
2015-11-02,75.22,69.4405,72.434,75.8405,77.54,buy,buy,hold
2015-11-03,77.9,69.50895,72.6248,76.1315,77.616,buy,buy,buy
2015-11-04,78.35,69.5791,72.8524,76.388,77.512,buy,buy,buy
2015-11-05,79.26,69.6534,73.0238,76.656,77.662,buy,buy,buy
2015-11-06,78.75,69.7243,73.1508,76.8945,77.896,buy,buy,buy
2015-11-09,78.04,69.79385,73.2624,77.047,78.46,buy,buy,buy
2015-11-10,79.48,69.8775,73.426,77.271,78.776,buy,buy,buy
2015-11-11,79.18,69.96545,73.6304,77.52,78.942,buy,buy,buy
2015-11-12,78.31,70.047,73.8042,77.6685,78.752,buy,buy,buy
2015-11-13,78.11,70.1189,73.9584,77.774,78.624,buy,buy,buy
2015-11-16,78.9,70.1942,74.1532,77.8695,78.796,buy,buy,buy
2015-11-17,78.83,70.2636,74.3192,77.997,78.666,buy,buy,buy
2015-11-18,80.46,70.3348,74.5364,78.247,78.922,buy,buy,buy
2015-11-19,80.15,70.3958,74.7348,78.4335,79.29,buy,buy,buy
2015-11-20,80.19,70.46245,74.9234,78.5895,79.706,buy,buy,buy
2015-11-23,80.11,70.5312,75.1254,78.686,79.948,buy,buy,buy
2015-11-24,79.79,70.59945,75.311,78.7995,80.14,buy,buy,buy
2015-11-25,79.56,70.66475,75.4824,78.834,79.96,buy,buy,buy
2015-11-27,79.84,70.7253,75.66,78.9005,79.898,buy,buy,buy
2015-11-30,79.01,70.7833,75.8444,78.972,79.662,buy,buy,buy
2015-12-01,79.91,70.84425,76.027,79.2065,79.622,buy,buy,buy
2015-12-02,79.04,70.90305,76.2028,79.2635,79.472,buy,buy,hold
2015-12-03,78.29,70.9581,76.3496,79.2605,79.218,buy,buy,sell
2015-12-04,80.4,71.01885,76.5528,79.3175,79.33,buy,buy,buy
2015-12-07,79.55,71.07535,76.73,79.3575,79.438,buy,buy,buy
2015-12-08,79.07,71.1301,76.9674,79.409,79.27,buy,buy,sell
2015-12-09,77.88,71.17825,77.1544,79.329,79.038,buy,buy,sell
2015-12-10,78.12,71.22665,77.3236,79.276,79.004,buy,buy,sell
2015-12-11,76.11,71.26805,77.446,79.166,78.146,buy,hold,sell
2015-12-14,76.87,71.30455,77.57,79.104,77.61,buy,hold,sell
2015-12-15,78.62,71.35355,77.6978,79.09,77.52,buy,buy,sell
2015-12-16,79.86,71.41065,77.8534,79.1415,77.916,buy,buy,hold
2015-12-17,78.69,71.46145,77.9628,79.053,78.03,buy,buy,sell
2015-12-18,76.32,71.50635,78.0112,78.8615,78.072,buy,hold,sell
2015-12-21,77.17,71.5529,78.075,78.7105,78.132,buy,hold,sell
2015-12-22,77.38,71.6083,78.1228,78.574,77.884,buy,hold,sell
2015-12-23,78.56,71.67015,78.194,78.5125,77.624,buy,buy,hold
2015-12-24,78.26,71.72445,78.2752,78.4475,77.538,buy,hold,sell
2015-12-28,78.53,71.7858,78.339,78.382,77.98,buy,buy,hold
2015-12-29,79.21,71.84555,78.4032,78.392,78.388,buy,hold,hold
2015-12-30,78.35,71.9067,78.4304,78.314,78.582,buy,sell,buy
2015-12-31,77.55,71.95985,78.4558,78.2395,78.38,buy,sell,hold
2016-01-04,75.7,72.0043,78.4606,78.11,77.868,buy,sell,sell
2016-01-05,76.27,72.0486,78.4576,77.9035,77.416,buy,sell,sell
2016-01-06,75.27,72.08955,78.4216,77.6895,76.628,buy,sell,sell
2016-01-07,73.79,72.123,78.3338,77.4255,75.716,buy,sell,sell
2016-01-08,72.88,72.15875,78.241,77.1755,74.782,buy,sell,sell
2016-01-11,73.92,72.2004,78.142,76.9655,74.426,buy,sell,sell
2016-01-12,74.76,72.2465,78.067,76.898,74.124,buy,sell,sell
2016-01-13,73.1,72.2837,77.9774,76.7095,73.69,buy,sell,sell
2016-01-14,73.8,72.32565,77.949,76.4685,73.692,buy,sell,sell
2016-01-15,71.83,72.3589,77.8276,76.067,73.482,hold,sell,sell
2016-01-19,71.39,72.3894,77.6884,75.702,72.976,hold,sell,sell
2016-01-20,70.68,72.4168,77.5168,75.42,72.16,hold,sell,sell
2016-01-21,71.56,72.4456,77.373,75.1395,71.852,hold,sell,sell
2016-01-22,72.7,72.4766,77.2662,74.9055,71.632,buy,sell,sell
2016-01-25,71.74,72.5031,77.1114,74.5645,71.614,hold,sell,sell
2016-01-26,71.88,72.5308,76.9654,74.2455,71.712,hold,sell,sell
2016-01-27,70.91,72.5573,76.8174,73.8645,71.758,hold,sell,sell
2016-01-28,69.33,72.5763,76.6418,73.3705,71.312,hold,sell,sell
2016-01-29,74.49,72.62035,76.5536,73.1775,71.67,buy,sell,hold
2016-02-01,74.38,72.664,76.4646,73.019,72.198,buy,sell,hold
2016-02-02,73.4,72.7084,76.3234,72.904,72.502,buy,sell,hold
2016-02-03,74.38,72.7567,76.208,72.8095,73.196,buy,sell,buy
2016-02-04,73.68,72.79835,76.0778,72.73,74.066,buy,sell,buy
2016-02-05,71.54,72.816,75.9064,72.6175,73.476,hold,sell,hold
2016-02-08,67.77,72.81625,75.666,72.362,72.154,hold,sell,sell
2016-02-09,68.33,72.8205,75.4414,72.0825,71.14,hold,sell,sell
2016-02-10,70.15,72.83575,75.2476,71.852,70.294,hold,sell,sell
2016-02-11,68.47,72.84425,75.0368,71.6205,69.252,hold,sell,sell
2016-02-12,70.42,72.85965,74.847,71.4515,69.028,hold,sell,sell
2016-02-16,71.1,72.8849,74.6882,71.415,69.694,hold,sell,sell
2016-02-17,72.03,72.9162,74.563,71.447,70.434,hold,sell,hold
2016-02-18,71.24,72.9445,74.3798,71.475,70.652,hold,sell,sell
2016-02-19,71.53,72.97235,74.2194,71.4735,71.264,hold,sell,hold
2016-02-22,73.06,73.0093,74.0992,71.4915,71.792,buy,sell,buy
2016-02-23,72.15,73.03715,73.9846,71.512,72.002,hold,sell,buy
2016-02-24,71.85,73.04905,73.8592,71.5105,71.966,hold,sell,buy
2016-02-25,73.27,73.0703,73.8024,71.6285,72.372,buy,sell,buy
2016-02-26,72.73,73.0905,73.7196,71.7985,72.612,hold,sell,buy
2016-02-29,72.39,73.1092,73.595,71.6935,72.478,hold,sell,buy
2016-03-01,74.64,73.1324,73.4906,71.7065,72.976,buy,hold,buy
2016-03-02,74.3,73.15605,73.4028,71.7515,73.466,buy,hold,buy
2016-03-03,73.91,73.1756,73.3546,71.728,73.594,buy,hold,buy
2016-03-04,73.9,73.1943,73.2892,71.739,73.828,buy,hold,buy
2016-03-07,71.94,73.2051,73.1804,71.759,73.738,sell,sell,buy
2016-03-08,70.62,73.21135,73.0216,71.9015,72.934,sell,sell,hold
2016-03-09,70.68,73.21665,72.87,72.019,72.21,sell,sell,hold
2016-03-10,70.22,73.22505,72.7038,72.0225,71.472,sell,sell,sell
2016-03-11,71.63,73.23575,72.5522,72.1805,71.018,sell,sell,sell
2016-03-14,71.49,73.2454,72.415,72.234,70.928,sell,sell,sell
2016-03-15,71.91,73.26155,72.3022,72.2745,71.186,sell,sell,sell
2016-03-16,72.37,73.27785,72.2356,72.2915,71.524,sell,buy,hold
2016-03-17,73.14,73.29835,72.173,72.3865,72.108,sell,buy,hold
2016-03-18,73.78,73.3225,72.1432,72.499,72.538,hold,buy,buy
2016-03-21,73.77,73.3503,72.1428,72.5345,72.994,hold,buy,buy
2016-03-22,72.96,73.37325,72.1444,72.575,73.204,sell,buy,buy
2016-03-23,73.91,73.4044,72.1442,72.678,73.512,hold,buy,buy
2016-03-24,74.14,73.43535,72.1318,72.7215,73.712,hold,buy,buy
2016-03-28,74.08,73.4576,72.1514,72.789,73.772,hold,buy,buy
2016-03-29,75.38,73.4863,72.183,72.9385,74.094,hold,buy,buy
2016-03-30,76.78,73.52355,72.282,73.0455,74.858,hold,buy,buy
2016-03-31,76.48,73.5631,72.3838,73.1545,75.372,hold,buy,buy
2016-04-01,77.59,73.606,72.522,73.3385,76.062,hold,buy,buy
2016-04-04,77.83,73.6514,72.6474,73.535,76.812,hold,buy,buy
2016-04-05,76.97,73.68875,72.7328,73.7865,77.13,hold,buy,buy
2016-04-06,78.21,73.73635,72.8622,74.166,77.416,hold,buy,buy
2016-04-07,77.58,73.7788,72.9762,74.511,77.636,hold,buy,buy
2016-04-08,78.03,73.82185,73.1186,74.9015,77.724,hold,buy,buy
2016-04-11,77.82,73.86665,73.2884,75.211,77.722,hold,buy,buy
2016-04-12,78.52,73.91615,73.369,75.5625,78.032,hold,buy,buy
2016-04-13,79.71,73.97095,73.4756,75.9525,78.332,hold,buy,buy
2016-04-14,80.33,74.039,73.6142,76.3505,78.882,hold,buy,buy
2016-04-15,80.08,74.10365,73.7282,76.6975,79.292,hold,buy,buy
2016-04-18,81.45,74.17165,73.8836,77.081,80.018,hold,buy,buy
2016-04-19,80.75,74.2342,74.0678,77.43,80.464,hold,buy,buy
2016-04-20,81.15,74.29935,74.3354,77.8395,80.752,buy,buy,buy
2016-04-21,80.79,74.36445,74.5846,78.1835,80.844,buy,buy,buy
2016-04-22,79.11,74.42635,74.7638,78.432,80.65,buy,buy,buy
2016-04-25,78.14,74.4818,74.9572,78.635,79.988,buy,buy,hold
2016-04-26,78.53,74.53235,75.1194,78.7925,79.544,buy,buy,hold
2016-04-27,78.76,74.57855,75.2726,78.8915,79.066,buy,buy,hold
2016-04-28,77.68,74.61645,75.3856,78.9515,78.444,buy,buy,sell
2016-04-29,77.24,74.65255,75.5056,78.934,78.07,buy,buy,sell
2016-05-02,78.46,74.692,75.6442,78.9655,78.134,buy,buy,sell
2016-05-03,77.19,74.72355,75.7268,78.9765,77.866,buy,buy,sell
2016-05-04,77.07,74.7454,75.8252,78.9195,77.528,buy,buy,sell
2016-05-05,77.36,74.7721,75.9354,78.9085,77.464,buy,buy,sell
2016-05-06,77.72,74.80085,76.0244,78.893,77.56,buy,buy,sell
2016-05-09,78.22,74.8332,76.1342,78.913,77.512,buy,buy,sell
2016-05-10,79.2,74.8552,76.2704,78.947,77.914,buy,buy,hold
2016-05-11,77.3,74.8724,76.3236,78.8265,77.96,buy,buy,sell
2016-05-12,77.89,74.88815,76.3954,78.7045,78.066,buy,buy,sell
2016-05-13,76.83,74.89225,76.4538,78.542,77.888,buy,buy,sell
2016-05-16,77.8,74.89935,76.5318,78.3595,77.804,buy,buy,sell
2016-05-17,76.79,74.9066,76.6288,78.1615,77.322,buy,buy,sell
2016-05-18,77.43,74.9149,76.765,77.9755,77.348,buy,buy,sell
2016-05-19,76.88,74.92295,76.889,77.78,77.146,buy,hold,sell
2016-05-20,77.67,74.9364,77.038,77.708,77.314,buy,buy,sell
2016-05-23,77.21,74.95455,77.1496,77.6615,77.196,buy,buy,sell
2016-05-24,79.38,74.9804,77.3074,77.704,77.714,buy,buy,buy
2016-05-25,79.06,75.0038,77.4504,77.719,78.04,buy,buy,buy
2016-05-26,79.0,75.032,77.583,77.785,78.464,buy,buy,buy
2016-05-27,79.66,75.0626,77.7134,77.906,78.862,buy,buy,buy
2016-05-31,78.94,75.08765,77.8166,77.93,79.208,buy,buy,buy
2016-06-01,79.22,75.11265,77.9256,78.0315,79.176,buy,buy,buy
2016-06-02,79.95,75.14035,78.0654,78.1755,79.354,buy,buy,buy
2016-06-03,79.94,75.1677,78.186,78.3045,79.542,buy,buy,buy
2016-06-06,80.54,75.1984,78.314,78.4455,79.718,buy,buy,buy
2016-06-07,80.6,75.23165,78.4444,78.5645,80.05,buy,buy,buy
2016-06-08,81.65,75.28395,78.5698,78.687,80.536,buy,buy,buy
2016-06-09,81.26,75.34845,78.6594,78.885,80.798,buy,buy,buy
2016-06-10,80.18,75.4145,78.7334,78.9995,80.846,buy,buy,buy
2016-06-13,78.4,75.45305,78.7496,79.078,80.418,buy,hold,hold
2016-06-14,78.57,75.4839,78.7644,79.1165,80.012,buy,hold,hold
2016-06-15,78.17,75.51245,78.7884,79.1855,79.316,buy,hold,hold
2016-06-16,78.35,75.5477,78.7912,79.2315,78.734,buy,hold,sell
2016-06-17,76.99,75.58785,78.7794,79.237,78.096,buy,hold,sell
2016-06-20,77.34,75.62645,78.7656,79.2205,77.884,buy,hold,sell
2016-06-21,77.33,75.6611,78.7558,79.2265,77.636,buy,hold,sell
2016-06-22,76.53,75.69795,78.716,79.084,77.308,buy,hold,sell
2016-06-23,78.23,75.73645,78.6864,79.0425,77.284,buy,hold,sell
2016-06-24,75.05,75.7637,78.5808,78.845,76.896,hold,hold,sell
2016-06-27,73.34,75.77925,78.446,78.529,76.096,hold,hold,sell
2016-06-28,75.16,75.80125,78.3202,78.34,75.662,hold,hold,sell
2016-06-29,76.74,75.8349,78.24,78.216,75.704,buy,sell,sell
2016-06-30,74.17,75.8532,78.1004,77.927,74.892,hold,sell,sell
2016-07-01,74.48,75.87065,77.9742,77.654,74.778,hold,sell,sell
2016-07-05,74.67,75.8892,77.8854,77.3605,75.044,hold,sell,sell
2016-07-06,74.06,75.91055,77.8038,77.0335,74.824,hold,sell,sell
2016-07-07,74.51,75.9292,77.7234,76.6765,74.378,hold,sell,sell
2016-07-08,76.42,75.96005,77.6766,76.4345,74.828,buy,sell,sell
2016-07-11,76.52,75.9879,77.6534,76.2515,75.236,buy,sell,hold
2016-07-12,77.48,76.0241,77.6582,76.2055,75.798,buy,sell,hold
2016-07-13,77.46,76.05795,77.6382,76.15,76.478,buy,sell,buy
2016-07-14,78.14,76.11265,77.6572,76.1485,77.204,buy,hold,buy
2016-07-15,78.3,76.1615,77.6818,76.146,77.58,buy,hold,buy
2016-07-18,78.31,76.20475,77.7008,76.212,77.938,buy,hold,buy
2016-07-19,78.72,76.2484,77.7208,76.281,78.186,buy,hold,buy
2016-07-20,79.36,76.29185,77.7436,76.3825,78.566,buy,hold,buy
2016-07-21,78.79,76.32465,77.7354,76.4955,78.696,buy,hold,buy
2016-07-22,79.91,76.3638,77.7876,76.5795,79.018,buy,hold,buy
2016-07-25,78.94,76.3924,77.8086,76.774,79.144,buy,hold,buy
2016-07-26,78.49,76.41535,77.8418,77.0315,79.098,buy,hold,buy
2016-07-27,78.53,76.4381,77.8564,77.2,78.932,buy,hold,buy
2016-07-28,79.19,76.4591,77.9044,77.3225,79.012,buy,hold,buy
2016-07-29,78.05,76.47435,77.9168,77.5165,78.64,buy,hold,buy
2016-08-01,78.26,76.49465,77.9444,77.7055,78.504,buy,hold,buy
2016-08-02,78.28,76.50935,77.9566,77.886,78.462,buy,hold,buy
2016-08-03,78.71,76.5229,77.9866,78.1185,78.498,buy,buy,buy
2016-08-04,79.48,76.53535,77.9886,78.367,78.556,buy,buy,buy
2016-08-05,80.14,76.55465,78.0102,78.553,78.974,buy,buy,buy
2016-08-08,79.95,76.5771,78.0292,78.7245,79.312,buy,buy,buy
2016-08-09,80.06,76.5953,78.0372,78.8535,79.668,buy,buy,buy
2016-08-10,79.68,76.60835,78.052,78.9645,79.862,buy,buy,buy
2016-08-11,80.12,76.61805,78.07,79.0635,79.99,buy,buy,buy
2016-08-12,80.02,76.63055,78.0714,79.1495,79.966,buy,buy,buy
2016-08-15,80.91,76.64075,78.0908,79.2795,80.158,buy,buy,buy
2016-08-16,80.81,76.65225,78.0962,79.384,80.308,buy,buy,buy
2016-08-17,80.84,76.66855,78.101,79.458,80.54,buy,buy,buy
2016-08-18,80.27,76.6938,78.0734,79.532,80.57,buy,buy,buy
2016-08-19,80.47,76.70665,78.0576,79.56,80.66,buy,buy,buy
2016-08-22,81.06,76.7202,78.0752,79.666,80.69,buy,buy,buy
2016-08-23,80.8,76.7279,78.1232,79.7815,80.688,buy,buy,buy
2016-08-24,80.29,76.7356,78.1576,79.8695,80.578,buy,buy,buy
2016-08-25,80.32,76.747,78.2006,79.926,80.588,buy,buy,buy
2016-08-26,80.57,76.75245,78.245,80.052,80.608,buy,buy,buy
2016-08-29,80.87,76.7609,78.3226,80.1825,80.57,buy,buy,buy
2016-08-30,81.17,76.7752,78.3992,80.327,80.644,buy,buy,buy
2016-08-31,80.9,76.78915,78.4706,80.4365,80.766,buy,buy,buy
2016-09-01,81.3,76.80115,78.566,80.5275,80.962,buy,buy,buy
2016-09-02,82.0,76.817,78.6414,80.6205,81.248,buy,buy,buy
2016-09-06,82.53,76.82735,78.791,80.7495,81.58,buy,buy,buy
2016-09-07,83.24,76.8428,78.989,80.9085,81.994,buy,buy,buy
2016-09-08,82.97,76.8567,79.1452,81.073,82.408,buy,buy,buy
2016-09-09,81.33,76.8628,79.237,81.1335,82.414,buy,buy,buy
2016-09-12,82.97,76.8787,79.413,81.281,82.608,buy,buy,buy
2016-09-13,81.89,76.89035,79.5612,81.33,82.48,buy,buy,buy
2016-09-14,81.49,76.8986,79.6976,81.364,82.13,buy,buy,buy
2016-09-15,82.01,76.9136,79.8566,81.4225,81.938,buy,buy,buy
2016-09-16,82.07,76.9244,80.0078,81.5125,82.086,buy,buy,buy
2016-09-19,82.51,76.94175,80.1296,81.6145,81.994,buy,buy,buy
2016-09-20,82.48,76.9627,80.2488,81.6855,82.112,buy,buy,buy
2016-09-21,83.22,76.9768,80.3636,81.8065,82.458,buy,buy,buy
2016-09-22,83.36,76.99585,80.4816,81.96,82.728,buy,buy,buy
2016-09-23,82.54,77.0132,80.5696,82.071,82.822,buy,buy,buy
2016-09-26,81.81,77.03285,80.6398,82.133,82.682,buy,buy,hold
2016-09-27,82.16,77.05305,80.7168,82.1975,82.618,buy,buy,hold
2016-09-28,82.97,77.08735,80.8018,82.2875,82.568,buy,buy,buy
2016-09-29,81.92,77.1126,80.853,82.3385,82.28,buy,buy,sell
2016-09-30,82.7,77.133,80.9312,82.4085,82.312,buy,buy,hold
2016-10-03,82.86,77.148,80.9902,82.4515,82.522,buy,buy,buy
2016-10-04,82.73,77.1682,81.066,82.4615,82.636,buy,buy,buy
2016-10-05,83.35,77.20335,81.1632,82.467,82.712,buy,buy,buy
2016-10-06,83.36,77.2343,81.2598,82.4865,83.0,buy,buy,buy
2016-10-07,82.88,77.2618,81.3336,82.564,83.036,buy,buy,buy
2016-10-10,83.12,77.2846,81.435,82.5715,83.088,buy,buy,buy
2016-10-11,82.04,77.3035,81.5106,82.579,82.95,buy,buy,hold
2016-10-12,82.25,77.3221,81.59,82.617,82.73,buy,buy,hold
2016-10-13,81.87,77.3354,81.6532,82.61,82.432,buy,buy,sell
2016-10-14,82.45,77.3559,81.7126,82.629,82.346,buy,buy,sell
2016-10-17,82.15,77.3789,81.7528,82.611,82.152,buy,buy,sell
2016-10-18,81.58,77.4083,81.7854,82.566,82.06,buy,hold,sell
2016-10-19,82.81,77.441,81.8404,82.5455,82.172,buy,buy,hold
2016-10-20,82.5,77.47715,81.8968,82.5025,82.298,buy,buy,sell
2016-10-21,82.35,77.51995,81.9414,82.493,82.278,buy,buy,sell
2016-10-24,83.17,77.5714,82.0044,82.561,82.482,buy,buy,hold
2016-10-25,82.03,77.61195,82.0268,82.5545,82.572,buy,buy,hold
2016-10-26,81.75,77.6469,82.0456,82.4935,82.36,buy,hold,sell
2016-10-27,81.92,77.691,82.0672,82.4935,82.244,buy,hold,sell
2016-10-28,82.22,77.7331,82.1062,82.4695,82.218,buy,buy,sell
2016-10-31,82.51,77.7865,82.147,82.452,82.086,buy,buy,hold
2016-11-01,81.62,77.83765,82.1582,82.3965,82.004,buy,hold,sell
2016-11-02,80.58,77.88715,82.1538,82.258,81.77,buy,hold,sell
2016-11-03,80.65,77.9326,82.161,82.1225,81.516,buy,sell,sell
2016-11-04,80.36,77.9709,82.1618,81.9965,81.144,buy,sell,sell
2016-11-07,82.51,78.02475,82.2006,81.966,81.144,buy,hold,hold
2016-11-08,82.88,78.07975,82.2408,82.008,81.396,buy,hold,hold
2016-11-09,83.24,78.1414,82.2822,82.0575,81.928,buy,hold,hold
2016-11-10,81.87,78.2041,82.3016,82.0575,82.172,buy,sell,hold
2016-11-11,81.88,78.24105,82.3132,82.029,82.476,buy,sell,hold
2016-11-14,78.38,78.26105,82.2408,81.8405,81.65,buy,sell,sell
2016-11-15,78.57,78.2869,82.1616,81.69,80.788,buy,sell,sell
2016-11-16,80.08,78.3154,82.0984,81.5535,80.156,buy,sell,sell
2016-11-17,81.07,78.35235,82.0604,81.482,79.996,buy,sell,sell
2016-11-18,80.82,78.39875,82.0502,81.4055,79.784,buy,sell,sell
2016-11-21,81.69,78.46835,82.0246,81.3315,80.446,buy,sell,hold
2016-11-22,79.93,78.52635,81.9854,81.2265,80.718,buy,sell,sell
2016-11-23,79.57,78.57345,81.947,81.1175,80.616,buy,sell,sell
2016-11-25,80.13,78.63175,81.9094,81.028,80.428,buy,sell,sell
2016-11-28,79.08,78.67505,81.8496,80.871,80.08,buy,sell,sell
2016-11-29,79.15,78.7153,81.7824,80.703,79.572,buy,sell,sell
2016-11-30,77.32,78.74175,81.6792,80.488,79.05,hold,sell,sell
2016-12-01,75.43,78.7627,81.5234,80.2305,78.222,hold,sell,sell
2016-12-02,75.72,78.78365,81.3706,79.984,77.34,hold,sell,sell
2016-12-05,77.31,78.8049,81.266,79.8315,76.986,hold,sell,sell
2016-12-06,77.11,78.8297,81.172,79.5615,76.578,hold,sell,sell
2016-12-07,79.31,78.867,81.115,79.383,76.976,buy,sell,sell
2016-12-08,79.28,78.89705,81.0412,79.185,77.746,buy,sell,hold
2016-12-09,79.14,78.9291,80.9856,79.0485,78.43,buy,sell,hold
2016-12-12,78.5,78.95965,80.9016,78.8795,78.668,hold,sell,sell
2016-12-13,79.2,78.98245,80.8284,78.9205,79.086,buy,sell,buy
2016-12-14,79.13,79.0066,80.7564,78.9485,79.05,buy,sell,buy
2016-12-15,79.5,79.03455,80.6794,78.9195,79.094,buy,sell,buy
2016-12-16,78.35,79.0568,80.5792,78.7835,78.936,hold,sell,hold
2016-12-19,78.1,79.0876,80.4836,78.6475,78.856,hold,sell,hold
2016-12-20,78.36,79.1263,80.3884,78.481,78.688,hold,sell,hold
2016-12-21,78.14,79.1636,80.3104,78.3915,78.49,hold,sell,hold
2016-12-22,77.9,79.202,80.2234,78.308,78.17,hold,sell,sell
2016-12-23,78.15,79.2346,80.149,78.209,78.13,hold,sell,sell
2016-12-27,78.35,79.2689,80.067,78.1725,78.18,hold,sell,buy
2016-12-28,78.3,79.30085,79.99,78.13,78.168,hold,sell,buy
2016-12-29,78.33,79.33065,79.925,78.1805,78.206,hold,sell,buy
2016-12-30,78.02,79.35505,79.8292,78.31,78.23,hold,sell,sell
2017-01-03,79.5,79.38365,79.7692,78.499,78.5,buy,sell,buy
2017-01-04,80.15,79.41555,79.7252,78.641,78.86,buy,hold,buy
2017-01-05,81.09,79.4562,79.6836,78.84,79.418,buy,hold,buy
2017-01-06,82.21,79.4977,79.6872,78.985,80.194,buy,hold,buy
2017-01-09,81.75,79.53575,79.6872,79.1085,80.94,buy,hold,buy
2017-01-10,81.31,79.5719,79.675,79.217,81.302,buy,hold,buy
2017-01-11,81.8,79.604,79.6666,79.382,81.632,buy,hold,buy
2017-01-12,81.37,79.62695,79.6438,79.4905,81.688,buy,hold,buy
2017-01-13,81.17,79.6504,79.6348,79.5925,81.48,hold,hold,buy
2017-01-17,81.26,79.66875,79.6484,79.6805,81.382,hold,buy,buy
2017-01-18,81.59,79.68755,79.6672,79.8425,81.438,hold,buy,buy
2017-01-19,81.73,79.71135,79.6946,80.024,81.424,hold,buy,buy
2017-01-20,81.84,79.7295,79.6812,80.198,81.518,hold,buy,buy
2017-01-23,82.15,79.75235,79.6666,80.3985,81.714,hold,buy,buy
2017-01-24,83.23,79.77835,79.6664,80.665,82.108,hold,buy,buy
2017-01-25,83.9,79.80875,79.707,80.9525,82.57,hold,buy,buy
2017-01-26,83.24,79.83235,79.7342,81.197,82.872,hold,buy,buy
2017-01-27,83.77,79.85265,79.842,81.4705,83.258,hold,buy,buy
2017-01-30,83.7,79.8695,79.9446,81.739,83.568,buy,buy,buy
2017-01-31,82.71,79.88265,79.9972,81.9735,83.464,buy,buy,buy
2017-02-01,82.44,79.8876,80.0246,82.1205,83.172,buy,buy,buy
2017-02-02,82.3,79.89535,80.0542,82.228,82.984,buy,buy,buy
2017-02-03,86.08,79.92,80.142,82.4775,83.446,buy,buy,buy
2017-02-06,85.83,79.9452,80.26,82.6585,83.872,buy,buy,buy
2017-02-07,85.78,79.97855,80.3842,82.86,84.486,buy,buy,buy
2017-02-08,85.09,80.0133,80.4834,83.049,85.016,buy,buy,buy
2017-02-09,85.58,80.04855,80.6134,83.238,85.672,buy,buy,buy
2017-02-10,85.9,80.08425,80.7484,83.4645,85.636,buy,buy,buy
2017-02-13,86.44,80.12805,80.9308,83.728,85.758,buy,buy,buy
2017-02-14,86.85,80.1761,81.1592,84.0075,85.972,buy,buy,buy
2017-02-15,87.54,80.2215,81.3956,84.305,86.462,buy,buy,buy
2017-02-16,87.41,80.2726,81.5976,84.589,86.828,buy,buy,buy
2017-02-17,87.46,80.32455,81.8046,84.87,87.14,buy,buy,buy
2017-02-21,87.92,80.37735,81.9768,85.1585,87.436,buy,buy,buy
2017-02-22,87.8,80.42775,82.1472,85.387,87.626,buy,buy,buy
2017-02-23,88.18,80.47755,82.328,85.601,87.754,buy,buy,buy
2017-02-24,88.43,80.5237,82.5266,85.8605,87.958,buy,buy,buy
2017-02-27,88.0,80.5772,82.7026,86.072,88.066,buy,buy,buy
2017-02-28,87.94,80.62745,82.8788,86.284,88.07,buy,buy,buy
2017-03-01,88.99,80.68825,83.0686,86.598,88.308,buy,buy,buy
2017-03-02,88.53,80.7419,83.2722,86.9025,88.378,buy,buy,buy
2017-03-03,88.79,80.8019,83.486,87.227,88.45,buy,buy,buy
2017-03-06,88.94,80.85945,83.6976,87.37,88.638,buy,buy,buy
2017-03-07,89.06,80.92035,83.916,87.5315,88.862,buy,buy,buy
2017-03-08,88.96,80.9768,84.1372,87.6905,88.856,buy,buy,buy
2017-03-09,89.11,81.0363,84.3564,87.8915,88.972,buy,buy,buy
2017-03-10,89.73,81.08805,84.584,88.099,89.16,buy,buy,buy
2017-03-13,90.11,81.1433,84.8202,88.3095,89.394,buy,buy,buy
2017-03-14,89.55,81.19605,85.0446,88.465,89.492,buy,buy,buy
2017-03-15,89.92,81.24735,85.2826,88.6185,89.684,buy,buy,buy
2017-03-16,90.04,81.30285,85.4934,88.7435,89.87,buy,buy,buy
2017-03-17,90.24,81.35795,85.6952,88.885,89.972,buy,buy,buy
2017-03-20,89.18,81.4041,85.857,88.971,89.786,buy,buy,buy
2017-03-21,88.06,81.4447,85.974,88.978,89.488,buy,buy,hold
2017-03-22,88.52,81.4846,86.1094,89.014,89.208,buy,buy,hold
2017-03-23,88.86,81.5259,86.2604,89.048,88.972,buy,buy,sell
2017-03-24,89.19,81.5636,86.4082,89.086,88.762,buy,buy,hold
2017-03-27,88.95,81.60205,86.5598,89.1335,88.716,buy,buy,sell
2017-03-28,89.12,81.64675,86.7188,89.1925,88.928,buy,buy,sell
2017-03-29,89.18,81.70065,86.8772,89.202,89.06,buy,buy,sell
2017-03-30,89.01,81.75285,87.0256,89.226,89.09,buy,buy,sell
2017-03-31,88.87,81.80635,87.1684,89.23,89.026,buy,buy,sell
2017-04-03,89.36,81.8614,87.3188,89.251,89.108,buy,buy,hold
2017-04-04,88.78,81.92035,87.4514,89.237,89.04,buy,buy,sell
2017-04-05,89.03,81.9788,87.5674,89.2405,89.01,buy,buy,sell
2017-04-06,89.09,82.0376,87.6712,89.2395,89.026,buy,buy,sell
2017-04-07,88.74,82.09865,87.7812,89.19,89.0,buy,buy,sell
2017-04-10,88.86,82.1518,87.883,89.1275,88.9,buy,buy,sell
2017-04-11,88.85,82.2208,87.986,89.0925,88.914,buy,buy,sell
2017-04-12,88.68,82.2975,88.1054,89.0305,88.844,buy,buy,sell
2017-04-13,88.87,82.36605,88.234,88.972,88.8,buy,buy,sell
2017-04-17,89.81,82.4314,88.3842,88.9505,89.014,buy,buy,buy
2017-04-18,89.73,82.5092,88.4572,88.978,89.188,buy,buy,buy
2017-04-19,89.75,82.58555,88.5356,89.0625,89.368,buy,buy,buy
2017-04-20,91.15,82.66795,88.643,89.194,89.862,buy,buy,buy
2017-04-21,91.15,82.7534,88.7642,89.3085,90.318,buy,buy,buy
2017-04-24,91.85,82.8401,88.8896,89.4415,90.726,buy,buy,buy
2017-04-25,92.11,82.91855,89.0138,89.5995,91.202,buy,buy,buy
2017-04-26,91.82,82.99505,89.1214,89.7345,91.616,buy,buy,buy
2017-04-27,91.6,83.06565,89.2164,89.8555,91.706,buy,buy,buy
2017-04-28,91.22,83.13445,89.29,89.966,91.72,buy,buy,buy
2017-05-01,91.26,83.20005,89.367,90.0855,91.602,buy,buy,buy
2017-05-02,92.54,83.27125,89.4686,90.2445,91.688,buy,buy,buy
2017-05-03,92.44,83.3419,89.559,90.4275,91.812,buy,buy,buy
2017-05-04,92.62,83.4114,89.6554,90.607,92.016,buy,buy,buy
2017-05-05,92.09,83.47505,89.7336,90.757,92.19,buy,buy,buy
2017-05-08,91.92,83.5407,89.8034,90.916,92.322,buy,buy,buy
2017-05-09,92.0,83.60115,89.8834,91.073,92.214,buy,buy,buy
2017-05-10,92.25,83.6677,89.9696,91.243,92.176,buy,buy,buy
2017-05-11,92.1,83.73575,90.0318,91.414,92.072,buy,buy,buy
2017-05-12,92.73,83.80675,90.1158,91.607,92.2,buy,buy,buy
2017-05-15,93.23,83.87695,90.2046,91.778,92.462,buy,buy,buy
2017-05-16,93.15,83.95245,90.2888,91.949,92.692,buy,buy,buy
2017-05-17,91.76,84.01995,90.3428,92.0495,92.594,buy,buy,hold
2017-05-18,91.71,84.0871,90.3978,92.0775,92.516,buy,buy,hold
2017-05-19,92.48,84.15595,90.4652,92.144,92.466,buy,buy,buy
